traditional,simplified,referenced-traditional,referenced-simplified,pinyin-numeric,pinyin-diacritic,definitions,definitions-diacritic
㪚,散,㪚,散,san4,sàn,variant of 散[san4],variant of 散[sàn]
㪟,敦,㪟,敦,dun1,dūn,variant of 敦[dun1],variant of 敦[dūn]
㴱,深,㴱,深,shen1,shēn,old variant of 深[shen1],old variant of 深[shēn]
一,一,一,一,yi1,yī,"one/1/single/a (article)/as soon as/entire/whole/all/throughout/""one"" radical in Chinese characters (Kangxi radical 1)/also pr. [yao1] for greater clarity when spelling out numbers digit by digit","one/1/single/a (article)/as soon as/entire/whole/all/throughout/""one"" radical in Chinese characters (Kangxi radical 1)/also pr. [yāo] for greater clarity when spelling out numbers digit by digit"
丁,丁,丁,丁,Ding1,Dīng,surname Ding,surname Ding
丁,丁,丁,丁,ding1,dīng,"fourth of the ten Heavenly Stems 十天干[shi2 tian1 gan1]/fourth in order/letter ""D"" or roman ""IV"" in list ""A, B, C"", or ""I, II, III"" etc/ancient Chinese compass point: 195°/butyl/cubes (of food)","fourth of the ten Heavenly Stems 十天干[shí tiān gān]/fourth in order/letter ""D"" or roman ""IV"" in list ""A, B, C"", or ""I, II, III"" etc/ancient Chinese compass point: 195°/butyl/cubes (of food)"
上,上,上,上,shang3,shǎng,see 上聲|上声[shang3 sheng1],see 上聲|上声[shǎng shēng]
上,上,上,上,shang4,shàng,on top/upon/above/upper/previous/first (of multiple parts)/to climb/to get onto/to go up/to attend (class or university),on top/upon/above/upper/previous/first (of multiple parts)/to climb/to get onto/to go up/to attend (class or university)
下,下,下,下,xia4,xià,"down/downwards/below/lower/later/next (week etc)/second (of two parts)/to decline/to go down/to arrive at (a decision, conclusion etc)/measure word to show the frequency of an action","down/downwards/below/lower/later/next (week etc)/second (of two parts)/to decline/to go down/to arrive at (a decision, conclusion etc)/measure word to show the frequency of an action"
不,不,不,不,bu4,bù,(negative prefix)/not/no,(negative prefix)/not/no
世,世,世,世,Shi4,Shì,surname Shi,surname Shi
世,世,世,世,shi4,shì,life/age/generation/era/world/lifetime/epoch/descendant/noble,life/age/generation/era/world/lifetime/epoch/descendant/noble
中,中,中,中,Zhong1,Zhōng,China/Chinese/surname Zhong,China/Chinese/surname Zhong
中,中,中,中,zhong1,zhōng,within/among/in/middle/center/while (doing sth)/during/(dialect) OK/all right,within/among/in/middle/center/while (doing sth)/during/(dialect) OK/all right
中,中,中,中,zhong4,zhòng,"to hit (the mark)/to be hit by/to suffer/to win (a prize, a lottery)","to hit (the mark)/to be hit by/to suffer/to win (a prize, a lottery)"
之,之,之,之,zhi1,zhī,"(possessive particle, literary equivalent of 的[de5])/him/her/it","(possessive particle, literary equivalent of 的[de])/him/her/it"
乎,乎,乎,乎,hu1,hū,"(classical particle similar to 於|于[yu2]) in/at/from/because/than/(classical final particle similar to 嗎|吗[ma5], 吧[ba5], 呢[ne5], expressing question, doubt or astonishment)","(classical particle similar to 於|于[yú]) in/at/from/because/than/(classical final particle similar to 嗎|吗[ma], 吧[ba], 呢[ne], expressing question, doubt or astonishment)"
乖,乖,乖,乖,guai1,guāi,"(of a child) obedient, well-behaved/clever/shrewd/alert/perverse/contrary to reason/irregular/abnormal","(of a child) obedient, well-behaved/clever/shrewd/alert/perverse/contrary to reason/irregular/abnormal"
亂,乱,亂,乱,luan4,luàn,in confusion or disorder/in a confused state of mind/disorder/upheaval/riot/illicit sexual relations/to throw into disorder/to mix up/indiscriminate/random/arbitrary,in confusion or disorder/in a confused state of mind/disorder/upheaval/riot/illicit sexual relations/to throw into disorder/to mix up/indiscriminate/random/arbitrary
云,云,云,云,yun2,yún,(classical) to say,(classical) to say
人,人,人,人,ren2,rén,"man/person/people/CL:個|个[ge4],位[wei4]","man/person/people/CL:個|个[gè],位[wèi]"
仁,仁,仁,仁,ren2,rén,humane/kernel,humane/kernel
仇,仇,仇,仇,Qiu2,Qiú,surname Qiu,surname Qiu
仇,仇,仇,仇,chou2,chóu,"hatred/animosity/enmity/foe/enemy/to feel animosity toward (the wealthy, foreigners etc)","hatred/animosity/enmity/foe/enemy/to feel animosity toward (the wealthy, foreigners etc)"
仇,仇,仇,仇,qiu2,qiú,spouse/companion,spouse/companion
仝,同,仝,同,tong2,tóng,(used in given names)/variant of 同[tong2],(used in given names)/variant of 同[tóng]
仰,仰,仰,仰,Yang3,Yǎng,surname Yang,surname Yang
仰,仰,仰,仰,yang3,yǎng,to face upward/to look up/to admire/to rely on,to face upward/to look up/to admire/to rely on
伐,伐,伐,伐,fa2,fá,to cut down/to fell/to dispatch an expedition against/to attack/to boast/Taiwan pr. [fa1],to cut down/to fell/to dispatch an expedition against/to attack/to boast/Taiwan pr. [fā]
休,休,休,休,Xiu1,Xiū,surname Xiu,surname Xiu
休,休,休,休,xiu1,xiū,to rest/to stop doing sth for a period of time/to cease/(imperative) don't,to rest/to stop doing sth for a period of time/to cease/(imperative) don't
伯,伯,伯,伯,ba4,bà,variant of 霸[ba4],variant of 霸[bà]
伯,伯,伯,伯,bai3,bǎi,one hundred (old),one hundred (old)
伯,伯,伯,伯,bo2,bó,"father's elder brother/senior/paternal elder uncle/eldest of brothers/respectful form of address/Count, third of five orders of nobility 五等爵位[wu3 deng3 jue2 wei4]","father's elder brother/senior/paternal elder uncle/eldest of brothers/respectful form of address/Count, third of five orders of nobility 五等爵位[wǔ děng jué wèi]"
何,何,何,何,He2,Hé,surname He,surname He
何,何,何,何,he2,hé,what/how/why/which/carry,what/how/why/which/carry
作,作,作,作,zuo1,zuō,worker/workshop/(slang) troublesome/high-maintenance (person),worker/workshop/(slang) troublesome/high-maintenance (person)
作,作,作,作,zuo4,zuò,to do/to grow/to write or compose/to pretend/to regard as/to feel/writings or works,to do/to grow/to write or compose/to pretend/to regard as/to feel/writings or works
佞,佞,佞,佞,ning4,nìng,to flatter/flattery,to flatter/flattery
俛,俯,俛,俯,fu3,fǔ,variant of 俯[fu3],variant of 俯[fǔ]
俯,俯,俯,俯,fu3,fǔ,to look down/to stoop,to look down/to stoop
俻,备,俻,备,bei4,bèi,variant of 備|备[bei4],variant of 備|备[bèi]
倏,倏,倏,倏,shu1,shū,sudden/abrupt/Taiwan pr. [shu4],sudden/abrupt/Taiwan pr. [shù]
倐,倏,倐,倏,shu1,shū,variant of 倏[shu1],variant of 倏[shū]
倫,伦,倫,伦,lun2,lún,human relationship/order/coherence,human relationship/order/coherence
側,侧,側,侧,ce4,cè,the side/to incline towards/to lean/inclined/lateral/side,the side/to incline towards/to lean/inclined/lateral/side
側,侧,側,侧,zhai1,zhāi,lean on one side,lean on one side
傑,杰,傑,杰,jie2,jié,hero/heroic/outstanding person/prominent/distinguished,hero/heroic/outstanding person/prominent/distinguished
備,备,備,备,bei4,bèi,to prepare/get ready/to provide or equip,to prepare/get ready/to provide or equip
傢,家,傢,家,jia1,jiā,see 傢伙|家伙[jia1 huo5],see 傢伙|家伙[jiā huo]
傷,伤,傷,伤,shang1,shāng,to injure/injury/wound,to injure/injury/wound
傾,倾,傾,倾,qing1,qīng,to overturn/to collapse/to lean/to tend/to incline/to pour out,to overturn/to collapse/to lean/to tend/to incline/to pour out
儀,仪,儀,仪,yi2,yí,apparatus/rites/appearance/present/ceremony,apparatus/rites/appearance/present/ceremony
儵,倏,儵,倏,shu1,shū,variant of 倏[shu1],variant of 倏[shū]
元,元,元,元,Yuan2,Yuán,surname Yuan/the Yuan or Mongol dynasty (1279-1368),surname Yuan/the Yuan or Mongol dynasty (1279-1368)
元,元,元,元,yuan2,yuán,currency unit (esp. Chinese yuan)/first/original/primary/fundamental/constituent/part/era (of a reign)/meta- (prefix)/(math.) argument/variable/(Tw) (geology) eon,currency unit (esp. Chinese yuan)/first/original/primary/fundamental/constituent/part/era (of a reign)/meta- (prefix)/(math.) argument/variable/(Tw) (geology) eon
充,充,充,充,chong1,chōng,to fill/to satisfy/to fulfill/to act in place of/substitute/sufficient/full,to fill/to satisfy/to fulfill/to act in place of/substitute/sufficient/full
兇,凶,兇,凶,xiong1,xiōng,terrible/fearful,terrible/fearful
光,光,光,光,guang1,guāng,light/ray/CL:道[dao4]/bright/only/merely/to use up,light/ray/CL:道[dào]/bright/only/merely/to use up
其,其,其,其,qi2,qí,his/her/its/their/that/such/it (refers to sth preceding it),his/her/its/their/that/such/it (refers to sth preceding it)
兼,兼,兼,兼,jian1,jiān,double/twice/simultaneous/holding two or more (official) posts at the same time,double/twice/simultaneous/holding two or more (official) posts at the same time
冤,冤,冤,冤,yuan1,yuān,injustice/grievance/wrong,injustice/grievance/wrong
冶,冶,冶,冶,ye3,yě,to smelt/to cast/seductive in appearance,to smelt/to cast/seductive in appearance
凋,凋,凋,凋,diao1,diāo,withered,withered
凶,凶,凶,凶,xiong1,xiōng,vicious/fierce/ominous/inauspicious/famine/variant of 兇|凶[xiong1],vicious/fierce/ominous/inauspicious/famine/variant of 兇|凶[xiōng]
分,分,分,分,fen1,fēn,to divide/to separate/to distribute/to allocate/to distinguish (good and bad)/part or subdivision/fraction/one tenth (of certain units)/unit of length equivalent to 0.33 cm/minute (unit of time)/minute (angular measurement unit)/a point (in sports or games)/0.01 yuan (unit of money),to divide/to separate/to distribute/to allocate/to distinguish (good and bad)/part or subdivision/fraction/one tenth (of certain units)/unit of length equivalent to 0.33 cm/minute (unit of time)/minute (angular measurement unit)/a point (in sports or games)/0.01 yuan (unit of money)
分,分,分,分,fen4,fèn,part/share/ingredient/component,part/share/ingredient/component
別,别,別,别,Bie2,Bié,surname Bie,surname Bie
別,别,別,别,bie2,bié,to leave/to depart/to separate/to distinguish/to classify/other/another/don't ...!/to pin/to stick (sth) in,to leave/to depart/to separate/to distinguish/to classify/other/another/don't ...!/to pin/to stick (sth) in
剛,刚,剛,刚,gang1,gāng,hard/firm/strong/just/barely/exactly,hard/firm/strong/just/barely/exactly
加,加,加,加,Jia1,Jiā,abbr. for Canada 加拿大[Jia1 na2 da4]/surname Jia,abbr. for Canada 加拿大[Jiā ná dà]/surname Jia
加,加,加,加,jia1,jiā,"to add/plus/(used after an adverb such as 不, 大, 稍 etc, and before a disyllabic verb, to indicate that the action of the verb is applied to sth or sb previously mentioned)/to apply (restrictions etc) to (sb)/to give (support, consideration etc) to (sth)","to add/plus/(used after an adverb such as 不, 大, 稍 etc, and before a disyllabic verb, to indicate that the action of the verb is applied to sth or sb previously mentioned)/to apply (restrictions etc) to (sb)/to give (support, consideration etc) to (sth)"
勞,劳,勞,劳,lao2,láo,to toil/labor/laborer/to put sb to trouble (of doing sth)/meritorious deed/to console (Taiwan pr. [lao4] for this sense),to toil/labor/laborer/to put sb to trouble (of doing sth)/meritorious deed/to console (Taiwan pr. [lào] for this sense)
勻,匀,勻,匀,yun2,yún,even/well-distributed/uniform/to distribute evenly/to share,even/well-distributed/uniform/to distribute evenly/to share
匹,匹,匹,匹,pi1,pī,mate/one of a pair,mate/one of a pair
匹,匹,匹,匹,pi3,pǐ,"classifier for horses, mules etc/Taiwan pr. [pi1]/ordinary person/classifier for cloth: bolt/horsepower","classifier for horses, mules etc/Taiwan pr. [pī]/ordinary person/classifier for cloth: bolt/horsepower"
南,南,南,南,Nan2,Nán,surname Nan,surname Nan
南,南,南,南,nan2,nán,south,south
危,危,危,危,Wei1,Wēi,surname Wei,surname Wei
危,危,危,危,wei1,wēi,danger/to endanger/Taiwan pr. [wei2],danger/to endanger/Taiwan pr. [wéi]
厲,厉,厲,厉,Li4,Lì,surname Li,surname Li
厲,厉,厲,厉,li4,lì,strict/severe,strict/severe
受,受,受,受,shou4,shòu,to receive/to accept/to suffer/subjected to/to bear/to stand/pleasant/(passive marker),to receive/to accept/to suffer/subjected to/to bear/to stand/pleasant/(passive marker)
只,只,只,只,zhi3,zhǐ,only/merely/just/but,only/merely/just/but
同,同,同,同,tong2,tóng,like/same/similar/together/alike/with,like/same/similar/together/alike/with
后,后,后,后,Hou4,Hòu,surname Hou,surname Hou
后,后,后,后,hou4,hòu,empress/queen,empress/queen
君,君,君,君,jun1,jūn,monarch/lord/gentleman/ruler,monarch/lord/gentleman/ruler
周,周,周,周,Zhou1,Zhōu,surname Zhou/Zhou Dynasty (1046-256 BC),surname Zhou/Zhou Dynasty (1046-256 BC)
周,周,周,周,zhou1,zhōu,to make a circuit/to circle/circle/circumference/lap/cycle/complete/all/all over/thorough/to help financially,to make a circuit/to circle/circle/circumference/lap/cycle/complete/all/all over/thorough/to help financially
咊,和,咊,和,he2,hé,old variant of 和[he2],old variant of 和[hé]
和,和,和,和,He2,Hé,"surname He/Japanese (food, clothes etc)","surname He/Japanese (food, clothes etc)"
和,和,和,和,he2,hé,"and/together with/with/sum/union/peace/harmony/Taiwan pr. [han4] when it means ""and"" or ""with""","and/together with/with/sum/union/peace/harmony/Taiwan pr. [hàn] when it means ""and"" or ""with"""
和,和,和,和,he4,hè,to compose a poem in reply (to sb's poem) using the same rhyme sequence/to join in the singing/to chime in with others,to compose a poem in reply (to sb's poem) using the same rhyme sequence/to join in the singing/to chime in with others
和,和,和,和,hu2,hú,to complete a set in mahjong or playing cards,to complete a set in mahjong or playing cards
和,和,和,和,huo2,huó,"to combine a powdery substance (flour, plaster etc) with water/Taiwan pr. [huo4]","to combine a powdery substance (flour, plaster etc) with water/Taiwan pr. [huò]"
和,和,和,和,huo4,huò,to mix (ingredients) together/to blend/classifier for rinses of clothes/classifier for boilings of medicinal herbs,to mix (ingredients) together/to blend/classifier for rinses of clothes/classifier for boilings of medicinal herbs
哀,哀,哀,哀,Ai1,Aī,"Ai (c. 2000 BC), sixth of legendary Flame Emperors 炎帝[Yan2 di4] descended from Shennong 神農|神农[Shen2 nong2] Farmer God, also known as Li 釐|厘[Li2]","Ai (c. 2000 BC), sixth of legendary Flame Emperors 炎帝[Yán dì] descended from Shennong 神農|神农[Shén nóng] Farmer God, also known as Li 釐|厘[Lí]"
哀,哀,哀,哀,ai1,āi,sorrow/grief/pity/to grieve for/to pity/to lament/to condole,sorrow/grief/pity/to grieve for/to pity/to lament/to condole
品,品,品,品,pin3,pǐn,article/commodity/product/goods/kind/grade/rank/character/disposition/nature/temperament/variety/to taste sth/to sample/to criticize/to comment/to judge/to size up/fret (on a guitar or lute),article/commodity/product/goods/kind/grade/rank/character/disposition/nature/temperament/variety/to taste sth/to sample/to criticize/to comment/to judge/to size up/fret (on a guitar or lute)
唐,唐,唐,唐,Tang2,Táng,Tang dynasty (618-907)/surname Tang,Tang dynasty (618-907)/surname Tang
唐,唐,唐,唐,tang2,táng,to exaggerate/empty/in vain/old variant of 螗[tang2],to exaggerate/empty/in vain/old variant of 螗[táng]
唸,念,唸,念,nian4,niàn,"variant of 念[nian4], to read aloud","variant of 念[niàn], to read aloud"
商,商,商,商,Shang1,Shāng,Shang Dynasty (c. 1600-1046 BC)/surname Shang,Shang Dynasty (c. 1600-1046 BC)/surname Shang
商,商,商,商,shang1,shāng,"commerce/merchant/dealer/to consult/2nd note in pentatonic scale/quotient (as in 智商[zhi4 shang1], intelligence quotient)","commerce/merchant/dealer/to consult/2nd note in pentatonic scale/quotient (as in 智商[zhì shāng], intelligence quotient)"
喪,丧,喪,丧,sang1,sāng,mourning/funeral/(old) corpse,mourning/funeral/(old) corpse
喪,丧,喪,丧,sang4,sàng,"to lose sth abstract but important (courage, authority, one's life etc)/to be bereaved of (one's spouse etc)/to die/disappointed/discouraged","to lose sth abstract but important (courage, authority, one's life etc)/to be bereaved of (one's spouse etc)/to die/disappointed/discouraged"
喬,乔,喬,乔,Qiao2,Qiáo,surname Qiao,surname Qiao
喬,乔,喬,乔,qiao2,qiáo,tall,tall
嗟,嗟,嗟,嗟,jie1,jiē,sigh/also pr. [jue1],sigh/also pr. [juē]
嘆,叹,嘆,叹,tan4,tàn,to sigh/to exclaim,to sigh/to exclaim
噹,当,噹,当,dang1,dāng,(onom.) dong/ding dong (bell),(onom.) dong/ding dong (bell)
囌,苏,囌,苏,su1,sū,see 囉囌|啰苏[luo1 su1],see 囉囌|啰苏[luō sū]
囙,因,囙,因,yin1,yīn,old variant of 因[yin1],old variant of 因[yīn]
因,因,因,因,yin1,yīn,cause/reason/because,cause/reason/because
圖,图,圖,图,tu2,tú,diagram/picture/drawing/chart/map/CL:張|张[zhang1]/to plan/to scheme/to attempt/to pursue/to seek,diagram/picture/drawing/chart/map/CL:張|张[zhāng]/to plan/to scheme/to attempt/to pursue/to seek
土,土,土,土,Tu3,Tǔ,Tu (ethnic group)/surname Tu,Tu (ethnic group)/surname Tu
土,土,土,土,tu3,tǔ,earth/dust/clay/local/indigenous/crude opium/unsophisticated/one of the eight ancient musical instruments 八音[ba1 yin1],earth/dust/clay/local/indigenous/crude opium/unsophisticated/one of the eight ancient musical instruments 八音[bā yīn]
在,在,在,在,zai4,zài,(located) at/(to be) in/to exist/in the middle of doing sth/(indicating an action in progress),(located) at/(to be) in/to exist/in the middle of doing sth/(indicating an action in progress)
地,地,地,地,de5,de,"-ly/structural particle: used before a verb or adjective, linking it to preceding modifying adverbial adjunct","-ly/structural particle: used before a verb or adjective, linking it to preceding modifying adverbial adjunct"
地,地,地,地,di4,dì,earth/ground/field/place/land/CL:片[pian4],earth/ground/field/place/land/CL:片[piàn]
均,均,均,均,jun1,jūn,equal/even/all/uniform,equal/even/all/uniform
城,城,城,城,cheng2,chéng,"city walls/city/town/CL:座[zuo4],道[dao4],個|个[ge4]","city walls/city/town/CL:座[zuò],道[dào],個|个[gè]"
基,基,基,基,ji1,jī,base/foundation/basic/radical (chemistry)/(slang) gay,base/foundation/basic/radical (chemistry)/(slang) gay
堂,堂,堂,堂,tang2,táng,"(main) hall/large room for a specific purpose/CL:間|间[jian1]/relationship between cousins etc on the paternal side of a family/of the same clan/classifier for classes, lectures etc/classifier for sets of furniture","(main) hall/large room for a specific purpose/CL:間|间[jiān]/relationship between cousins etc on the paternal side of a family/of the same clan/classifier for classes, lectures etc/classifier for sets of furniture"
堦,阶,堦,阶,jie1,jiē,variant of 階|阶[jie1],variant of 階|阶[jiē]
塞,塞,塞,塞,Sai1,Sāi,Serbia/Serbian/abbr. for 塞爾維亞|塞尔维亚[Sai1 er3 wei2 ya4],Serbia/Serbian/abbr. for 塞爾維亞|塞尔维亚[Sāi ěr wéi yà]
塞,塞,塞,塞,sai1,sāi,to stop up/to squeeze in/to stuff/cork/stopper,to stop up/to squeeze in/to stuff/cork/stopper
塞,塞,塞,塞,sai4,sài,strategic pass/tactical border position,strategic pass/tactical border position
塞,塞,塞,塞,se4,sè,to stop up/to stuff/to cope with,to stop up/to stuff/to cope with
增,增,增,增,zeng1,zēng,to increase/to expand/to add,to increase/to expand/to add
墻,墙,墻,墙,qiang2,qiáng,"variant of 牆|墙[qiang2], wall","variant of 牆|墙[qiáng], wall"
士,士,士,士,Shi4,Shì,surname Shi,surname Shi
士,士,士,士,shi4,shì,member of the senior ministerial class (old)/scholar (old)/bachelor/honorific/soldier/noncommissioned officer/specialist worker,member of the senior ministerial class (old)/scholar (old)/bachelor/honorific/soldier/noncommissioned officer/specialist worker
壯,壮,壯,壮,Zhuang4,Zhuàng,"Zhuang ethnic group of Guangxi, the PRC's second most numerous ethnic group","Zhuang ethnic group of Guangxi, the PRC's second most numerous ethnic group"
壯,壮,壯,壮,zhuang4,zhuàng,to strengthen/strong/robust,to strengthen/strong/robust
多,多,多,多,duo1,duō,"many/much/often/a lot of/numerous/more/in excess/how (to what extent)/multi-/Taiwan pr. [duo2] when it means ""how""","many/much/often/a lot of/numerous/more/in excess/how (to what extent)/multi-/Taiwan pr. [duó] when it means ""how"""
夢,梦,夢,梦,meng4,mèng,"dream/CL:場|场[chang2],個|个[ge4]","dream/CL:場|场[cháng],個|个[gè]"
大,大,大,大,da4,dà,big/huge/large/major/great/wide/deep/older (than)/oldest/eldest/greatly/very much/(dialect) father/father's elder or younger brother,big/huge/large/major/great/wide/deep/older (than)/oldest/eldest/greatly/very much/(dialect) father/father's elder or younger brother
大,大,大,大,dai4,dài,see 大夫[dai4 fu5],see 大夫[dài fu]
天,天,天,天,tian1,tiān,day/sky/heaven,day/sky/heaven
奮,奋,奮,奋,fen4,fèn,to exert oneself (bound form),to exert oneself (bound form)
女,女,女,女,nü3,nu:3,female/woman/daughter,female/woman/daughter
女,女,女,女,ru3,rǔ,archaic variant of 汝[ru3],archaic variant of 汝[rǔ]
奸,奸,奸,奸,jian1,jiān,wicked/crafty/traitor/variant of 姦|奸[jian1],wicked/crafty/traitor/variant of 姦|奸[jiān]
好,好,好,好,hao3,hǎo,good/well/proper/good to/easy to/very/so/(suffix indicating completion or readiness)/(of two people) close/on intimate terms/(after a personal pronoun) hello,good/well/proper/good to/easy to/very/so/(suffix indicating completion or readiness)/(of two people) close/on intimate terms/(after a personal pronoun) hello
好,好,好,好,hao4,hào,to be fond of/to have a tendency to/to be prone to,to be fond of/to have a tendency to/to be prone to
如,如,如,如,ru2,rú,as/as if/such as,as/as if/such as
妃,妃,妃,妃,fei1,fēi,imperial concubine,imperial concubine
妄,妄,妄,妄,wang4,wàng,absurd/fantastic/presumptuous/rash,absurd/fantastic/presumptuous/rash
妙,妙,妙,妙,miao4,miào,clever/wonderful,clever/wonderful
妾,妾,妾,妾,qie4,qiè,"concubine/I, your servant (deprecatory self-reference for women)","concubine/I, your servant (deprecatory self-reference for women)"
始,始,始,始,shi3,shǐ,to begin/to start/then/only then,to begin/to start/then/only then
姦,奸,姦,奸,jian1,jiān,to fornicate/to defile/adultery/rape,to fornicate/to defile/adultery/rape
姬,姬,姬,姬,Ji1,Jī,surname Ji/family name of the Zhou Dynasty 周代[Zhou1 dai4] (1046-256 BC),surname Ji/family name of the Zhou Dynasty 周代[Zhōu dài] (1046-256 BC)
姬,姬,姬,姬,ji1,jī,woman/concubine/female entertainer (archaic),woman/concubine/female entertainer (archaic)
姿,姿,姿,姿,zi1,zī,beauty/disposition/looks/appearance,beauty/disposition/looks/appearance
婕,婕,婕,婕,jie2,jié,handsome,handsome
嬖,嬖,嬖,嬖,bi4,bì,(treat as a) favorite,(treat as a) favorite
嬰,婴,嬰,婴,ying1,yīng,infant/baby,infant/baby
子,子,子,子,zi3,zǐ,"son/child/seed/egg/small thing/1st earthly branch: 11 p.m.-1 a.m., midnight, 11th solar month (7th December to 5th January), year of the Rat/Viscount, fourth of five orders of nobility 五等爵位[wu3 deng3 jue2 wei4]/ancient Chinese compass point: 0° (north)","son/child/seed/egg/small thing/1st earthly branch: 11 p.m.-1 a.m., midnight, 11th solar month (7th December to 5th January), year of the Rat/Viscount, fourth of five orders of nobility 五等爵位[wǔ děng jué wèi]/ancient Chinese compass point: 0° (north)"
子,子,子,子,zi5,zi,(noun suffix),(noun suffix)
孜,孜,孜,孜,zi1,zī,hard-working/industrious,hard-working/industrious
孝,孝,孝,孝,xiao4,xiào,filial piety or obedience/mourning apparel,filial piety or obedience/mourning apparel
孟,孟,孟,孟,Meng4,Mèng,surname Meng,surname Meng
孟,孟,孟,孟,meng4,mèng,first month of a season/eldest amongst brothers,first month of a season/eldest amongst brothers
孤,孤,孤,孤,gu1,gū,lone/lonely,lone/lonely
孼,孽,孼,孽,nie4,niè,variant of 孽[nie4],variant of 孽[niè]
孽,孽,孽,孽,nie4,niè,son born of a concubine/disaster/sin/evil,son born of a concubine/disaster/sin/evil
宣,宣,宣,宣,Xuan1,Xuān,surname Xuan,surname Xuan
宣,宣,宣,宣,xuan1,xuān,to declare (publicly)/to announce,to declare (publicly)/to announce
宮,宫,宮,宫,Gong1,Gōng,surname Gong,surname Gong
宮,宫,宮,宫,gong1,gōng,palace/temple/castration (as corporal punishment)/first note in pentatonic scale,palace/temple/castration (as corporal punishment)/first note in pentatonic scale
害,害,害,害,hai4,hài,to do harm to/to cause trouble to/harm/evil/calamity,to do harm to/to cause trouble to/harm/evil/calamity
家,家,家,家,Jia1,Jiā,surname Jia,surname Jia
家,家,家,家,jia1,jiā,"home/family/(polite) my (sister, uncle etc)/classifier for families or businesses/refers to the philosophical schools of pre-Han China/noun suffix for a specialist in some activity, such as a musician or revolutionary, corresponding to English -ist, -er, -ary or -ian/CL:個|个[ge4]","home/family/(polite) my (sister, uncle etc)/classifier for families or businesses/refers to the philosophical schools of pre-Han China/noun suffix for a specialist in some activity, such as a musician or revolutionary, corresponding to English -ist, -er, -ary or -ian/CL:個|个[gè]"
容,容,容,容,Rong2,Róng,surname Rong,surname Rong
容,容,容,容,rong2,róng,to hold/to contain/to allow/to tolerate/appearance/look/countenance,to hold/to contain/to allow/to tolerate/appearance/look/countenance
寃,冤,寃,冤,yuan1,yuān,old variant of 冤[yuan1],old variant of 冤[yuān]
寄,寄,寄,寄,ji4,jì,to send/to mail/to entrust/to depend on/to attach oneself to/to live (in a house)/to lodge/foster (son etc),to send/to mail/to entrust/to depend on/to attach oneself to/to live (in a house)/to lodge/foster (son etc)
寒,寒,寒,寒,han2,hán,cold/poor/to tremble,cold/poor/to tremble
寕,宁,寕,宁,ning4,nìng,old variant of 寧|宁[ning4],old variant of 寧|宁[nìng]
察,察,察,察,Cha2,Chá,short name for Chahar Province 察哈爾|察哈尔[Cha2 ha1 er3],short name for Chahar Province 察哈爾|察哈尔[Chá hā ěr]
察,察,察,察,cha2,chá,to examine/to inquire/to observe/to inspect/to look into/obvious/clearly evident,to examine/to inquire/to observe/to inspect/to look into/obvious/clearly evident
實,实,實,实,shi2,shí,real/true/honest/really/solid/fruit/seed/definitely,real/true/honest/really/solid/fruit/seed/definitely
寧,宁,寧,宁,Ning2,Níng,abbr. for Ningxia Hui Autonomous Region 寧夏回族自治區|宁夏回族自治区[Ning2 xia4 Hui2 zu2 Zi4 zhi4 qu1]/abbr. for Nanjing 南京[Nan2 jing1]/surname Ning,abbr. for Ningxia Hui Autonomous Region 寧夏回族自治區|宁夏回族自治区[Níng xià Huí zú Zì zhì qū]/abbr. for Nanjing 南京[Nán jīng]/surname Ning
寧,宁,寧,宁,ning2,níng,peaceful/to pacify/to visit (one's parents etc),peaceful/to pacify/to visit (one's parents etc)
寧,宁,寧,宁,ning4,nìng,would rather/to prefer/how (emphatic)/Taiwan pr. [ning2],would rather/to prefer/how (emphatic)/Taiwan pr. [níng]
將,将,將,将,jiang1,jiāng,"will/shall/to use/to take/to checkmate/just a short while ago/(introduces object of main verb, used in the same way as 把[ba3])","will/shall/to use/to take/to checkmate/just a short while ago/(introduces object of main verb, used in the same way as 把[bǎ])"
將,将,將,将,jiang4,jiàng,general/commander-in-chief (military)/king (chess piece)/to command/to lead,general/commander-in-chief (military)/king (chess piece)/to command/to lead
將,将,將,将,qiang1,qiāng,to desire/to invite/to request,to desire/to invite/to request
專,专,專,专,zhuan1,zhuān,"for a particular person, occasion, purpose/focused on one thing/special/expert/particular (to sth)/concentrated/specialized","for a particular person, occasion, purpose/focused on one thing/special/expert/particular (to sth)/concentrated/specialized"
尋,寻,尋,寻,xun2,xún,to search/to look for/to seek,to search/to look for/to seek
少,少,少,少,shao3,shǎo,few/less/to lack/to be missing/to stop (doing sth)/seldom,few/less/to lack/to be missing/to stop (doing sth)/seldom
少,少,少,少,shao4,shào,young,young
居,居,居,居,Ju1,Jū,surname Ju,surname Ju
居,居,居,居,ji1,jī,(archaic) sentence-final particle expressing a doubting attitude,(archaic) sentence-final particle expressing a doubting attitude
居,居,居,居,ju1,jū,to reside/to be (in a certain position)/to store up/to be at a standstill/residence/house/restaurant/classifier for bedrooms,to reside/to be (in a certain position)/to store up/to be at a standstill/residence/house/restaurant/classifier for bedrooms
山,山,山,山,Shan1,Shān,surname Shan,surname Shan
山,山,山,山,shan1,shān,mountain/hill/anything that resembles a mountain/CL:座[zuo4]/bundled straw in which silkworms spin cocoons/gable,mountain/hill/anything that resembles a mountain/CL:座[zuò]/bundled straw in which silkworms spin cocoons/gable
岑,岑,岑,岑,Cen2,Cén,surname Cen,surname Cen
岑,岑,岑,岑,cen2,cén,small hill,small hill
岩,岩,岩,岩,yan2,yán,cliff/rock,cliff/rock
峨,峨,峨,峨,e2,é,lofty/name of a mountain,lofty/name of a mountain
峩,峨,峩,峨,e2,é,variant of 峨[e2],variant of 峨[é]
峻,峻,峻,峻,jun4,jùn,(of mountains) high/harsh or severe,(of mountains) high/harsh or severe
嵒,岩,嵒,岩,yan2,yán,variant of 巖|岩[yan2],variant of 巖|岩[yán]
嵗,岁,嵗,岁,sui4,suì,"variant of 歲|岁[sui4], year/years old","variant of 歲|岁[suì], year/years old"
嵯,嵯,嵯,嵯,cuo2,cuó,lofty (as of mountain),lofty (as of mountain)
巖,岩,巖,岩,yan2,yán,variant of 岩[yan2],variant of 岩[yán]
巗,岩,巗,岩,yan2,yán,variant of 巖|岩[yan2],variant of 巖|岩[yán]
巢,巢,巢,巢,Chao2,Cháo,surname Chao,surname Chao
巢,巢,巢,巢,chao2,cháo,nest,nest
差,差,差,差,cha1,chā,difference/discrepancy/to differ/error/to err/to make a mistake,difference/discrepancy/to differ/error/to err/to make a mistake
差,差,差,差,cha4,chà,to differ from/to fall short of/lacking/wrong/inferior/Taiwan pr. [cha1],to differ from/to fall short of/lacking/wrong/inferior/Taiwan pr. [chā]
差,差,差,差,chai1,chāi,to send/to commission/messenger/mission,to send/to commission/messenger/mission
己,己,己,己,ji3,jǐ,"self/oneself/sixth of the ten Heavenly Stems 十天干[shi2 tian1 gan1]/sixth in order/letter ""F"" or roman ""VI"" in list ""A, B, C"", or ""I, II, III"" etc/hexa","self/oneself/sixth of the ten Heavenly Stems 十天干[shí tiān gān]/sixth in order/letter ""F"" or roman ""VI"" in list ""A, B, C"", or ""I, II, III"" etc/hexa"
幃,帏,幃,帏,wei2,wéi,curtain/women's apartment/tent,curtain/women's apartment/tent
幑,徽,幑,徽,hui1,huī,old variant of 徽[hui1],old variant of 徽[huī]
平,平,平,平,Ping2,Píng,surname Ping,surname Ping
平,平,平,平,ping2,píng,flat/level/equal/to tie (make the same score)/to draw (score)/calm/peaceful/see also 平聲|平声[ping2 sheng1],flat/level/equal/to tie (make the same score)/to draw (score)/calm/peaceful/see also 平聲|平声[píng shēng]
年,年,年,年,Nian2,Nián,surname Nian,surname Nian
年,年,年,年,nian2,nián,year/CL:個|个[ge4],year/CL:個|个[gè]
幽,幽,幽,幽,you1,yōu,remote/hidden away/secluded/serene/peaceful/to imprison/in superstition indicates the underworld/ancient district spanning Liaonang and Hebei provinces,remote/hidden away/secluded/serene/peaceful/to imprison/in superstition indicates the underworld/ancient district spanning Liaonang and Hebei provinces
庭,庭,庭,庭,ting2,tíng,main hall/front courtyard/law court,main hall/front courtyard/law court
廊,廊,廊,廊,lang2,láng,corridor/veranda/porch,corridor/veranda/porch
廢,废,廢,废,fei4,fèi,to abolish/to abandon/to abrogate/to discard/to depose/to oust/crippled/abandoned/waste,to abolish/to abandon/to abrogate/to discard/to depose/to oust/crippled/abandoned/waste
廣,广,廣,广,Guang3,Guǎng,surname Guang,surname Guang
廣,广,廣,广,guang3,guǎng,wide/numerous/to spread,wide/numerous/to spread
弦,弦,弦,弦,xian2,xián,bow string/string of musical instrument/watchspring/chord (segment of curve)/hypotenuse/CL:根[gen1],bow string/string of musical instrument/watchspring/chord (segment of curve)/hypotenuse/CL:根[gēn]
彆,别,彆,别,bie4,biè,"to make sb change their ways, opinions etc","to make sb change their ways, opinions etc"
形,形,形,形,xing2,xíng,to appear/to look/form/shape,to appear/to look/form/shape
彫,雕,彫,雕,diao1,diāo,"variant of 雕[diao1], to engrave","variant of 雕[diāo], to engrave"
往,往,往,往,wang3,wǎng,to go (in a direction)/to/towards/(of a train) bound for/past/previous,to go (in a direction)/to/towards/(of a train) bound for/past/previous
徃,往,徃,往,wang3,wǎng,old variant of 往[wang3],old variant of 往[wǎng]
後,后,後,后,hou4,hòu,back/behind/rear/afterwards/after/later,back/behind/rear/afterwards/after/later
從,从,從,从,Cong2,Cóng,surname Cong,surname Cong
從,从,從,从,cong2,cóng,from/through/via/to follow/to obey/to engage in (an activity)/never (in negative sentence)/(Taiwan pr. [zong4]) retainer/assistant/auxiliary/subordinate/related by common paternal grandfather or earlier ancestor,from/through/via/to follow/to obey/to engage in (an activity)/never (in negative sentence)/(Taiwan pr. [zòng]) retainer/assistant/auxiliary/subordinate/related by common paternal grandfather or earlier ancestor
微,微,微,微,Wei1,Wēi,surname Wei/ancient Chinese state near present day Chongqing/Taiwan pr. [Wei2],surname Wei/ancient Chinese state near present day Chongqing/Taiwan pr. [Wéi]
微,微,微,微,wei1,wēi,tiny/miniature/slightly/profound/abtruse/to decline/one millionth part of/micro-/Taiwan pr. [wei2],tiny/miniature/slightly/profound/abtruse/to decline/one millionth part of/micro-/Taiwan pr. [wéi]
徵,徵,徵,徵,zhi3,zhǐ,"4th note in pentatonic scale 五音[wu3 yin1], roughly sol/see also 徵|征[zheng1]","4th note in pentatonic scale 五音[wǔ yīn], roughly sol/see also 徵|征[zhēng]"
德,德,德,德,De2,Dé,Germany/German/abbr. for 德國|德国[De2 guo2],Germany/German/abbr. for 德國|德国[Dé guó]
德,德,德,德,de2,dé,virtue/goodness/morality/ethics/kindness/favor/character/kind,virtue/goodness/morality/ethics/kindness/favor/character/kind
徽,徽,徽,徽,hui1,huī,badge/emblem/insignia/crest/logo/coat of arms,badge/emblem/insignia/crest/logo/coat of arms
心,心,心,心,xin1,xīn,"heart/mind/intention/center/core/CL:顆|颗[ke1],個|个[ge4]","heart/mind/intention/center/core/CL:顆|颗[kē],個|个[gè]"
必,必,必,必,bi4,bì,certainly/must/will/necessarily,certainly/must/will/necessarily
志,志,志,志,zhi4,zhì,aspiration/ambition/the will,aspiration/ambition/the will
忠,忠,忠,忠,zhong1,zhōng,loyal/devoted/honest,loyal/devoted/honest
念,念,念,念,nian4,niàn,"to read/to study (a subject)/to attend (a school)/to read aloud/to miss (sb)/idea/remembrance/twenty (banker's anti-fraud numeral corresponding to 廿, 20)","to read/to study (a subject)/to attend (a school)/to read aloud/to miss (sb)/idea/remembrance/twenty (banker's anti-fraud numeral corresponding to 廿, 20)"
思,思,思,思,si1,sī,to think/to consider,to think/to consider
怨,怨,怨,怨,yuan4,yuàn,to blame/to complain,to blame/to complain
恃,恃,恃,恃,shi4,shì,to rely on/mother (formal),to rely on/mother (formal)
恣,恣,恣,恣,zi4,zì,to abandon restraint/to do as one pleases/comfortable (dialect),to abandon restraint/to do as one pleases/comfortable (dialect)
恨,恨,恨,恨,hen4,hèn,to hate/to regret,to hate/to regret
恭,恭,恭,恭,gong1,gōng,respectful,respectful
患,患,患,患,huan4,huàn,to suffer (from illness)/to contract (a disease)/misfortune/trouble/danger/worry,to suffer (from illness)/to contract (a disease)/misfortune/trouble/danger/worry
悲,悲,悲,悲,bei1,bēi,sad/sadness/sorrow/grief,sad/sadness/sorrow/grief
悳,德,悳,德,de2,dé,variant of 德[de2],variant of 德[dé]
悴,悴,悴,悴,cui4,cuì,haggard/sad/downcast/distressed,haggard/sad/downcast/distressed
悼,悼,悼,悼,dao4,dào,to mourn/to lament,to mourn/to lament
情,情,情,情,qing2,qíng,feeling/emotion/passion/situation,feeling/emotion/passion/situation
惑,惑,惑,惑,huo4,huò,to confuse/to be puzzled,to confuse/to be puzzled
惟,惟,惟,惟,wei2,wéi,-ism/only,-ism/only
惪,德,惪,德,de2,dé,variant of 德[de2],variant of 德[dé]
想,想,想,想,xiang3,xiǎng,to think/to believe/to suppose/to wish/to want/to miss (feel wistful about the absence of sb or sth),to think/to believe/to suppose/to wish/to want/to miss (feel wistful about the absence of sb or sth)
愁,愁,愁,愁,chou2,chóu,to worry about,to worry about
愆,愆,愆,愆,qian1,qiān,fault/transgression,fault/transgression
意,意,意,意,Yi4,Yì,Italy/Italian/abbr. for 意大利[Yi4 da4 li4],Italy/Italian/abbr. for 意大利[Yì dà lì]
意,意,意,意,yi4,yì,idea/meaning/thought/to think/wish/desire/intention/to expect/to anticipate,idea/meaning/thought/to think/wish/desire/intention/to expect/to anticipate
愚,愚,愚,愚,yu2,yú,to be stupid/to cheat or deceive/me or I (modest),to be stupid/to cheat or deceive/me or I (modest)
感,感,感,感,gan3,gǎn,to feel/to move/to touch/to affect/feeling/emotion/(suffix) sense of ~,to feel/to move/to touch/to affect/feeling/emotion/(suffix) sense of ~
慈,慈,慈,慈,ci2,cí,compassionate/gentle/merciful/kind/humane,compassionate/gentle/merciful/kind/humane
慎,慎,慎,慎,shen4,shèn,careful/cautious,careful/cautious
慕,慕,慕,慕,mu4,mù,to admire,to admire
慘,惨,慘,惨,can3,cǎn,miserable/wretched/cruel/inhuman/disastrous/tragic/dim/gloomy,miserable/wretched/cruel/inhuman/disastrous/tragic/dim/gloomy
慮,虑,慮,虑,lü4,lu:4,to think over/to consider/anxiety,to think over/to consider/anxiety
慼,戚,慼,戚,qi1,qī,variant of 戚[qi1]/grief/sorrow,variant of 戚[qī]/grief/sorrow
慽,戚,慽,戚,qi1,qī,variant of 慼|戚[qi1],variant of 慼|戚[qī]
憂,忧,憂,忧,you1,yōu,to worry/to concern oneself with/worried/anxiety/sorrow/(literary) to observe mourning,to worry/to concern oneself with/worried/anxiety/sorrow/(literary) to observe mourning
憤,愤,憤,愤,fen4,fèn,indignant/anger/resentment,indignant/anger/resentment
憫,悯,憫,悯,min3,mǐn,to sympathize/to pity/to feel compassion for,to sympathize/to pity/to feel compassion for
應,应,應,应,Ying4,Yìng,surname Ying,surname Ying
應,应,應,应,ying1,yīng,to agree (to do sth)/should/ought to/must/(legal) shall,to agree (to do sth)/should/ought to/must/(legal) shall
應,应,應,应,ying4,yìng,to answer/to respond/to comply with/to deal or cope with,to answer/to respond/to comply with/to deal or cope with
懷,怀,懷,怀,Huai2,Huái,surname Huai,surname Huai
懷,怀,懷,怀,huai2,huái,bosom/heart/mind/to think of/to harbor in one's mind/to conceive (a child),bosom/heart/mind/to think of/to harbor in one's mind/to conceive (a child)
懽,欢,懽,欢,huan1,huān,variant of 歡|欢[huan1],variant of 歡|欢[huān]
成,成,成,成,Cheng2,Chéng,surname Cheng,surname Cheng
成,成,成,成,cheng2,chéng,to succeed/to finish/to complete/to accomplish/to become/to turn into/to be all right/OK!/one tenth,to succeed/to finish/to complete/to accomplish/to become/to turn into/to be all right/OK!/one tenth
我,我,我,我,wo3,wǒ,I/me/my,I/me/my
戒,戒,戒,戒,jie4,jiè,to guard against/to exhort/to admonish or warn/to give up or stop doing sth/Buddhist monastic discipline/ring (for a finger),to guard against/to exhort/to admonish or warn/to give up or stop doing sth/Buddhist monastic discipline/ring (for a finger)
戚,戚,戚,戚,Qi1,Qī,surname Qi,surname Qi
戚,戚,戚,戚,qi1,qī,relative/parent/grief/sorrow/battle-axe,relative/parent/grief/sorrow/battle-axe
房,房,房,房,Fang2,Fáng,surname Fang,surname Fang
房,房,房,房,fang2,fáng,house/room/CL:間|间[jian1]/branch of an extended family/classifier for family members (or concubines),house/room/CL:間|间[jiān]/branch of an extended family/classifier for family members (or concubines)
所,所,所,所,suo3,suǒ,"actually/place/classifier for houses, small buildings, institutions etc/that which/particle introducing a relative clause or passive/CL:個|个[ge4]","actually/place/classifier for houses, small buildings, institutions etc/that which/particle introducing a relative clause or passive/CL:個|个[gè]"
持,持,持,持,chi2,chí,to hold/to grasp/to support/to maintain/to persevere/to manage/to run (i.e. administer)/to control,to hold/to grasp/to support/to maintain/to persevere/to manage/to run (i.e. administer)/to control
採,采,採,采,cai3,cǎi,to pick/to pluck/to collect/to select/to choose/to gather,to pick/to pluck/to collect/to select/to choose/to gather
推,推,推,推,tui1,tuī,to push/to cut/to refuse/to reject/to decline/to shirk (responsibility)/to put off/to delay/to push forward/to nominate/to elect/massage,to push/to cut/to refuse/to reject/to decline/to shirk (responsibility)/to put off/to delay/to push forward/to nominate/to elect/massage
揚,扬,揚,扬,Yang2,Yáng,abbr. for 揚州|扬州[Yang2 zhou1]/surname Yang,abbr. for 揚州|扬州[Yáng zhōu]/surname Yang
揚,扬,揚,扬,yang2,yáng,to raise/to hoist/the action of tossing or winnowing/scattering (in the wind)/to flutter/to propagate,to raise/to hoist/the action of tossing or winnowing/scattering (in the wind)/to flutter/to propagate
摧,摧,摧,摧,cui1,cuī,to break/to destroy/to devastate/to ravage/to repress,to break/to destroy/to devastate/to ravage/to repress
改,改,改,改,gai3,gǎi,to change/to alter/to transform/to correct,to change/to alter/to transform/to correct
故,故,故,故,gu4,gù,"happening/instance/reason/cause/intentional/former/old/friend/therefore/hence/(of people) to die, dead","happening/instance/reason/cause/intentional/former/old/friend/therefore/hence/(of people) to die, dead"
散,散,散,散,san3,sǎn,scattered/loose/to come loose/to fall apart/leisurely/powdered medicine,scattered/loose/to come loose/to fall apart/leisurely/powdered medicine
散,散,散,散,san4,sàn,to scatter/to break up (a meeting etc)/to disperse/to disseminate/to dispel/(coll.) to sack,to scatter/to break up (a meeting etc)/to disperse/to disseminate/to dispel/(coll.) to sack
敦,敦,敦,敦,dun1,dūn,kindhearted/place name,kindhearted/place name
敬,敬,敬,敬,jing4,jìng,to respect/to venerate/to salute/to offer,to respect/to venerate/to salute/to offer
敭,扬,敭,扬,yang2,yáng,variant of 揚|扬[yang2],variant of 揚|扬[yáng]
文,文,文,文,Wen2,Wén,surname Wen,surname Wen
文,文,文,文,wen2,wén,language/culture/writing/formal/literary/gentle/(old) classifier for coins/Kangxi radical 67,language/culture/writing/formal/literary/gentle/(old) classifier for coins/Kangxi radical 67
新,新,新,新,Xin1,Xīn,abbr. for Xinjiang 新疆[Xin1 jiang1] or Singapore 新加坡[Xin1 jia1 po1]/surname Xin,abbr. for Xinjiang 新疆[Xīn jiāng] or Singapore 新加坡[Xīn jiā pō]/surname Xin
新,新,新,新,xin1,xīn,new/newly/meso- (chemistry),new/newly/meso- (chemistry)
方,方,方,方,Fang1,Fāng,surname Fang,surname Fang
方,方,方,方,fang1,fāng,"square/power or involution (mathematics)/upright/honest/fair and square/direction/side/party (to a contract, dispute etc)/place/method/prescription (medicine)/just when/only or just/classifier for square things/abbr. for square or cubic meter","square/power or involution (mathematics)/upright/honest/fair and square/direction/side/party (to a contract, dispute etc)/place/method/prescription (medicine)/just when/only or just/classifier for square things/abbr. for square or cubic meter"
施,施,施,施,Shi1,Shī,surname Shi,surname Shi
施,施,施,施,shi1,shī,to grant/to give/to bestow/to act/to carry out,to grant/to give/to bestow/to act/to carry out
旌,旌,旌,旌,jing1,jīng,banner/make manifest,banner/make manifest
旤,祸,旤,祸,huo4,huò,old variant of 禍|祸[huo4],old variant of 禍|祸[huò]
日,日,日,日,Ri4,Rì,"abbr. for 日本[Ri4 ben3], Japan","abbr. for 日本[Rì běn], Japan"
日,日,日,日,ri4,rì,"sun/day/date, day of the month","sun/day/date, day of the month"
旹,时,旹,时,shi2,shí,old variant of 時|时[shi2],old variant of 時|时[shí]
旾,春,旾,春,chun1,chūn,old variant of 春[chun1],old variant of 春[chūn]
明,明,明,明,Ming2,Míng,"Ming Dynasty (1368-1644)/surname Ming/Ming (c. 2000 BC), fourth of the legendary Flame Emperors, 炎帝[Yan2 di4] descended from Shennong 神農|神农[Shen2 nong2] Farmer God","Ming Dynasty (1368-1644)/surname Ming/Ming (c. 2000 BC), fourth of the legendary Flame Emperors, 炎帝[Yán dì] descended from Shennong 神農|神农[Shén nóng] Farmer God"
明,明,明,明,ming2,míng,bright/opposite: dark 暗[an4]/(of meaning) clear/to understand/next/public or open/wise/generic term for a sacrifice to the gods,bright/opposite: dark 暗[àn]/(of meaning) clear/to understand/next/public or open/wise/generic term for a sacrifice to the gods
昚,慎,昚,慎,shen4,shèn,old variant of 慎[shen4],old variant of 慎[shèn]
春,春,春,春,Chun1,Chūn,surname Chun,surname Chun
春,春,春,春,chun1,chūn,spring (season)/gay/joyful/youthful/love/lust/life,spring (season)/gay/joyful/youthful/love/lust/life
昭,昭,昭,昭,zhao1,zhāo,bright/clear/manifest/to show clearly,bright/clear/manifest/to show clearly
是,是,是,是,shi4,shì,is/are/am/yes/to be,is/are/am/yes/to be
昰,是,昰,是,shi4,shì,variant of 是[shi4]/(used in given names),variant of 是[shì]/(used in given names)
昵,昵,昵,昵,ni4,nì,variant of 暱|昵[ni4],variant of 暱|昵[nì]
時,时,時,时,Shi2,Shí,surname Shi,surname Shi
時,时,時,时,shi2,shí,o'clock/time/when/hour/season/period,o'clock/time/when/hour/season/period
景,景,景,景,Jing3,Jǐng,surname Jing,surname Jing
景,景,景,景,jing3,jǐng,bright/circumstance/scenery,bright/circumstance/scenery
智,智,智,智,zhi4,zhì,wisdom/knowledge,wisdom/knowledge
暱,昵,暱,昵,ni4,nì,familiar/intimate/to approach,familiar/intimate/to approach
曜,曜,曜,曜,yao4,yào,bright/glorious/one of the seven planets of premodern astronomy,bright/glorious/one of the seven planets of premodern astronomy
曠,旷,曠,旷,kuang4,kuàng,to neglect/to skip (class or work)/to waste (time)/vast/loose-fitting,to neglect/to skip (class or work)/to waste (time)/vast/loose-fitting
曲,曲,曲,曲,Qu1,Qū,surname Qu,surname Qu
曲,曲,曲,曲,qu1,qū,bent/crooked/wrong,bent/crooked/wrong
曲,曲,曲,曲,qu3,qǔ,tune/song/CL:支[zhi1],tune/song/CL:支[zhī]
有,有,有,有,you3,yǒu,to have/there is/there are/to exist/to be,to have/there is/there are/to exist/to be
朗,朗,朗,朗,lang3,lǎng,clear/bright,clear/bright
望,望,望,望,wang4,wàng,full moon/to hope/to expect/to visit/to gaze (into the distance)/to look towards/towards,full moon/to hope/to expect/to visit/to gaze (into the distance)/to look towards/towards
朢,望,朢,望,wang4,wàng,15th day of month (lunar calendar)/old variant of 望[wang4],15th day of month (lunar calendar)/old variant of 望[wàng]
木,木,木,木,Mu4,Mù,surname Mu,surname Mu
木,木,木,木,mu4,mù,tree/wood/coffin/wooden/simple/numb/one of the eight ancient musical instruments 八音[ba1 yin1],tree/wood/coffin/wooden/simple/numb/one of the eight ancient musical instruments 八音[bā yīn]
未,未,未,未,wei4,wèi,"not yet/did not/have not/not/8th earthly branch: 1-3 p.m., 6th solar month (7th July-6th August), year of the Sheep/ancient Chinese compass point: 210°","not yet/did not/have not/not/8th earthly branch: 1-3 p.m., 6th solar month (7th July-6th August), year of the Sheep/ancient Chinese compass point: 210°"
杰,杰,杰,杰,jie2,jié,variant of 傑|杰[jie2],variant of 傑|杰[jié]
東,东,東,东,Dong1,Dōng,surname Dong,surname Dong
東,东,東,东,dong1,dōng,east/host (i.e. sitting on east side of guest)/landlord,east/host (i.e. sitting on east side of guest)/landlord
松,松,松,松,Song1,Sōng,surname Song,surname Song
松,松,松,松,song1,sōng,pine/CL:棵[ke1],pine/CL:棵[kē]
林,林,林,林,Lin2,Lín,surname Lin/Japanese surname Hayashi,surname Lin/Japanese surname Hayashi
林,林,林,林,lin2,lín,woods/forest/CL:片[pian4]/circle(s) (i.e. specific group of people)/a collection (of similar things),woods/forest/CL:片[piàn]/circle(s) (i.e. specific group of people)/a collection (of similar things)
柔,柔,柔,柔,rou2,róu,soft/flexible/supple/yielding/rho (Greek letter Ρρ),soft/flexible/supple/yielding/rho (Greek letter Ρρ)
根,根,根,根,gen1,gēn,"root/basis/classifier for long slender objects, e.g. cigarettes, guitar strings/CL:條|条[tiao2]/radical (chemistry)","root/basis/classifier for long slender objects, e.g. cigarettes, guitar strings/CL:條|条[tiáo]/radical (chemistry)"
桀,桀,桀,桀,jie2,jié,(emperor of Xia dynasty)/cruel,(emperor of Xia dynasty)/cruel
桃,桃,桃,桃,tao2,táo,peach,peach
桑,桑,桑,桑,Sang1,Sāng,surname Sang,surname Sang
桑,桑,桑,桑,sang1,sāng,mulberry tree,mulberry tree
桒,桑,桒,桑,sang1,sāng,old variant of 桑[sang1],old variant of 桑[sāng]
梁,梁,梁,梁,Liang2,Liáng,name of Kingdoms and Dynasties at different periods/surname Liang,name of Kingdoms and Dynasties at different periods/surname Liang
梁,梁,梁,梁,liang2,liáng,beam of roof/bridge,beam of roof/bridge
楚,楚,楚,楚,Chu3,Chǔ,surname Chu/abbr. for Hubei 湖北省[Hu2 bei3 Sheng3] and Hunan 湖南省[Hu2 nan2 Sheng3] provinces together/Chinese kingdom during the Spring and Autumn and Warring States Periods (722-221 BC),surname Chu/abbr. for Hubei 湖北省[Hú běi Shěng] and Hunan 湖南省[Hú nán Shěng] provinces together/Chinese kingdom during the Spring and Autumn and Warring States Periods (722-221 BC)
楚,楚,楚,楚,chu3,chǔ,distinct/clear/orderly/pain/suffering/deciduous bush used in Chinese medicine (genus Vitex)/punishment cane (old),distinct/clear/orderly/pain/suffering/deciduous bush used in Chinese medicine (genus Vitex)/punishment cane (old)
業,业,業,业,Ye4,Yè,surname Ye,surname Ye
業,业,業,业,ye4,yè,line of business/industry/occupation/job/employment/school studies/enterprise/property/(Buddhism) karma/deed/to engage in/already,line of business/industry/occupation/job/employment/school studies/enterprise/property/(Buddhism) karma/deed/to engage in/already
極,极,極,极,ji2,jí,"extremely/pole (geography, physics)/utmost/top","extremely/pole (geography, physics)/utmost/top"
榆,榆,榆,榆,yu2,yú,elm,elm
榮,荣,榮,荣,Rong2,Róng,surname Rong,surname Rong
榮,荣,榮,荣,rong2,róng,glory/honor/thriving,glory/honor/thriving
樊,樊,樊,樊,Fan2,Fán,surname Fan,surname Fan
樊,樊,樊,樊,fan2,fán,cage/fence,cage/fence
樑,梁,樑,梁,liang2,liáng,variant of 梁[liang2],variant of 梁[liáng]
欽,钦,欽,钦,Qin1,Qīn,surname Qin,surname Qin
欽,钦,欽,钦,qin1,qīn,to respect/to admire/to venerate/by the emperor himself,to respect/to admire/to venerate/by the emperor himself
歌,歌,歌,歌,ge1,gē,"song/CL:支[zhi1],首[shou3]/to sing","song/CL:支[zhī],首[shǒu]/to sing"
歎,叹,歎,叹,tan4,tàn,variant of 嘆|叹[tan4],variant of 嘆|叹[tàn]
歡,欢,歡,欢,huan1,huān,joyous/happy/pleased,joyous/happy/pleased
步,步,步,步,Bu4,Bù,surname Bu,surname Bu
步,步,步,步,bu4,bù,a step/a pace/walk/march/stages in a process/situation,a step/a pace/walk/march/stages in a process/situation
歲,岁,歲,岁,sui4,suì,classifier for years (of age)/year/year (of crop harvests),classifier for years (of age)/year/year (of crop harvests)
歸,归,歸,归,Gui1,Guī,surname Gui,surname Gui
歸,归,歸,归,gui1,guī,to return/to go back to/to give back to/(of a responsibility) to be taken care of by/to belong to/to gather together/(used between two identical verbs) despite/to marry (of a woman) (old)/division on the abacus with a one-digit divisor,to return/to go back to/to give back to/(of a responsibility) to be taken care of by/to belong to/to gather together/(used between two identical verbs) despite/to marry (of a woman) (old)/division on the abacus with a one-digit divisor
殃,殃,殃,殃,yang1,yāng,calamity,calamity
殊,殊,殊,殊,shu1,shū,different/unique/special/very/(classical) to behead/to die/to cut off/to separate/to surpass,different/unique/special/very/(classical) to behead/to die/to cut off/to separate/to surpass
殷,殷,殷,殷,Yin1,Yīn,"surname Yin/dynasty name at the end the Shang dynasty, after their move to Yinxu 殷墟 in modern Henan province","surname Yin/dynasty name at the end the Shang dynasty, after their move to Yinxu 殷墟 in modern Henan province"
殷,殷,殷,殷,yan1,yān,dark red,dark red
殷,殷,殷,殷,yin1,yīn,flourishing/abundant/earnest/hospitable,flourishing/abundant/earnest/hospitable
殷,殷,殷,殷,yin3,yǐn,roll of thunder,roll of thunder
比,比,比,比,Bi3,Bǐ,Belgium/Belgian/abbr. for 比利時|比利时[Bi3 li4 shi2],Belgium/Belgian/abbr. for 比利時|比利时[Bǐ lì shí]
比,比,比,比,bi1,bī,euphemistic variant of 屄[bi1],euphemistic variant of 屄[bī]
比,比,比,比,bi3,bǐ,"(particle used for comparison and ""-er than"")/to compare/to contrast/to gesture (with hands)/ratio","(particle used for comparison and ""-er than"")/to compare/to contrast/to gesture (with hands)/ratio"
比,比,比,比,bi4,bì,to associate with/to be near,to associate with/to be near
氏,氏,氏,氏,shi4,shì,clan name/maiden name,clan name/maiden name
氏,氏,氏,氏,zhi1,zhī,see 月氏[Yue4 zhi1] and 閼氏|阏氏[yan1 zhi1],see 月氏[Yuè zhī] and 閼氏|阏氏[yān zhī]
民,民,民,民,Min2,Mín,surname Min,surname Min
民,民,民,民,min2,mín,the people/nationality/citizen,the people/nationality/citizen
水,水,水,水,Shui3,Shuǐ,surname Shui,surname Shui
水,水,水,水,shui3,shuǐ,water/river/liquid/beverage/additional charges or income/(of clothes) classifier for number of washes,water/river/liquid/beverage/additional charges or income/(of clothes) classifier for number of washes
江,江,江,江,Jiang1,Jiāng,surname Jiang,surname Jiang
江,江,江,江,jiang1,jiāng,"river/CL:條|条[tiao2],道[dao4]","river/CL:條|条[tiáo],道[dào]"
沉,沉,沉,沉,chen1,chēn,see 黑沉沉[hei1 chen1 chen1],see 黑沉沉[hēi chēn chēn]
沉,沉,沉,沉,chen2,chén,to submerge/to immerse/to sink/to keep down/to lower/to drop/deep/profound/heavy,to submerge/to immerse/to sink/to keep down/to lower/to drop/deep/profound/heavy
沙,沙,沙,沙,Sha1,Shā,surname Sha,surname Sha
沙,沙,沙,沙,sha1,shā,granule/hoarse/raspy/sand/powder/CL:粒[li4]/abbr. for Tsar or Tsarist Russia,granule/hoarse/raspy/sand/powder/CL:粒[lì]/abbr. for Tsar or Tsarist Russia
河,河,河,河,he2,hé,"river/CL:條|条[tiao2],道[dao4]","river/CL:條|条[tiáo],道[dào]"
泉,泉,泉,泉,quan2,quán,spring (small stream)/mouth of a spring/coin (archaic),spring (small stream)/mouth of a spring/coin (archaic)
津,津,津,津,jin1,jīn,saliva/sweat/a ferry crossing/a ford (river crossing)/abbr. for Tianjin 天津,saliva/sweat/a ferry crossing/a ford (river crossing)/abbr. for Tianjin 天津
流,流,流,流,liu2,liú,"to flow/to disseminate/to circulate or spread/to move or drift/to degenerate/to banish or send into exile/stream of water or sth resembling one/class, rate or grade","to flow/to disseminate/to circulate or spread/to move or drift/to degenerate/to banish or send into exile/stream of water or sth resembling one/class, rate or grade"
浮,浮,浮,浮,fu2,fú,to float/superficial/floating/unstable/movable/provisional/temporary/transient/impetuous/hollow/inflated/to exceed/superfluous/excessive/surplus,to float/superficial/floating/unstable/movable/provisional/temporary/transient/impetuous/hollow/inflated/to exceed/superfluous/excessive/surplus
浸,浸,浸,浸,jin4,jìn,to immerse/to soak/to steep/gradually,to immerse/to soak/to steep/gradually
消,消,消,消,xiao1,xiāo,to disappear/to vanish/to eliminate/to spend (time)/have to/need,to disappear/to vanish/to eliminate/to spend (time)/have to/need
涯,涯,涯,涯,ya2,yá,border/horizon/shore,border/horizon/shore
淑,淑,淑,淑,shu1,shū,warm and virtuous/(used in given names)/Taiwan pr. [shu2],warm and virtuous/(used in given names)/Taiwan pr. [shú]
淫,淫,淫,淫,yin2,yín,excess/excessive/wanton/lewd/lascivious/obscene/depraved,excess/excessive/wanton/lewd/lascivious/obscene/depraved
深,深,深,深,shen1,shēn,deep/depth/deeply/(of a color) dark/deep/rich,deep/depth/deeply/(of a color) dark/deep/rich
淵,渊,淵,渊,yuan1,yuān,deep pool/deep/profound,deep pool/deep/profound
清,清,清,清,Qing1,Qīng,Qing or Ch'ing dynasty of Imperial China (1644-1911)/surname Qing,Qing or Ch'ing dynasty of Imperial China (1644-1911)/surname Qing
清,清,清,清,qing1,qīng,clear/distinct/quiet/just and honest/pure/to settle or clear up/to clean up or purge,clear/distinct/quiet/just and honest/pure/to settle or clear up/to clean up or purge
游,游,游,游,You2,Yóu,surname You,surname You
游,游,游,游,you2,yóu,to swim/variant of 遊|游[you2],to swim/variant of 遊|游[yóu]
湘,湘,湘,湘,Xiang1,Xiāng,abbr. for Hunan 湖南 province in south central China/abbr. for Xiangjiang river in Hunan province,abbr. for Hunan 湖南 province in south central China/abbr. for Xiangjiang river in Hunan province
源,源,源,源,yuan2,yuán,root/source/origin,root/source/origin
滋,滋,滋,滋,zi1,zī,to grow/to nourish/to increase/to cause/juice/taste/(dialect) to spout/to spurt,to grow/to nourish/to increase/to cause/juice/taste/(dialect) to spout/to spurt
滛,淫,滛,淫,yin2,yín,erroneous variant of 淫[yin2],erroneous variant of 淫[yín]
漢,汉,漢,汉,Han4,Hàn,Han ethnic group/Chinese (language)/the Han dynasty (206 BC-220 AD),Han ethnic group/Chinese (language)/the Han dynasty (206 BC-220 AD)
漢,汉,漢,汉,han4,hàn,man,man
漫,漫,漫,漫,man4,màn,free/unrestrained/to inundate,free/unrestrained/to inundate
漸,渐,漸,渐,jian1,jiān,to imbue,to imbue
漸,渐,漸,渐,jian4,jiàn,gradual/gradually,gradual/gradually
潛,潜,潛,潜,qian2,qián,hidden/secret/latent/to hide/to conceal/to submerge/to dive,hidden/secret/latent/to hide/to conceal/to submerge/to dive
潤,润,潤,润,run4,rùn,to moisten/to lubricate/to embellish/moist/glossy/sleek,to moisten/to lubricate/to embellish/moist/glossy/sleek
激,激,激,激,ji1,jī,to arouse/to incite/to excite/to stimulate/sharp/fierce/violent,to arouse/to incite/to excite/to stimulate/sharp/fierce/violent
濛,蒙,濛,蒙,meng2,méng,drizzle/mist,drizzle/mist
濱,滨,濱,滨,bin1,bīn,shore/beach/coast/bank/to border on,shore/beach/coast/bank/to border on
炎,炎,炎,炎,yan2,yán,flame/inflammation/-itis,flame/inflammation/-itis
為,为,為,为,wei2,wéi,as (in the capacity of)/to take sth as/to act as/to serve as/to behave as/to become/to be/to do/by (in the passive voice),as (in the capacity of)/to take sth as/to act as/to serve as/to behave as/to become/to be/to do/by (in the passive voice)
為,为,為,为,wei4,wèi,because of/for/to,because of/for/to
無,无,無,无,wu2,wú,not to have/no/none/not/to lack/un-/-less,not to have/no/none/not/to lack/un-/-less
然,然,然,然,ran2,rán,correct/right/so/thus/like this/-ly,correct/right/so/thus/like this/-ly
熈,熙,熈,熙,xi1,xī,variant of 熙[xi1],variant of 熙[xī]
熒,荧,熒,荧,ying2,yíng,a glimmer/glimmering/twinkling/fluorescence/phosphorescence/perplexed/dazzled and confused/planet Mars (arch.),a glimmer/glimmering/twinkling/fluorescence/phosphorescence/perplexed/dazzled and confused/planet Mars (arch.)
熙,熙,熙,熙,xi1,xī,prosperous/splendid,prosperous/splendid
燕,燕,燕,燕,Yan1,Yān,"Yan, a vassal state of Zhou in modern Hebei and Liaoning/north Hebei/the four Yan kingdoms of the Sixteen Kingdoms, namely: Former Yan 前燕 (337-370), Later Yan 後燕|后燕 (384-409), Southern Yan 南燕 (398-410), Northern Yan 北燕 (409-436)/surname Yan","Yan, a vassal state of Zhou in modern Hebei and Liaoning/north Hebei/the four Yan kingdoms of the Sixteen Kingdoms, namely: Former Yan 前燕 (337-370), Later Yan 後燕|后燕 (384-409), Southern Yan 南燕 (398-410), Northern Yan 北燕 (409-436)/surname Yan"
燕,燕,燕,燕,yan4,yàn,swallow (family Hirundinidae)/old variant of 宴[yan4],swallow (family Hirundinidae)/old variant of 宴[yàn]
爲,为,爲,为,wei2,wéi,variant of 為|为[wei2]/as (i.e. in the capacity of)/to take sth as/to act as/to serve as/to behave as/to become/to be/to do,variant of 為|为[wéi]/as (i.e. in the capacity of)/to take sth as/to act as/to serve as/to behave as/to become/to be/to do
爲,为,爲,为,wei4,wèi,"variant of 為|为[wei4], because of/for/to","variant of 為|为[wèi], because of/for/to"
牆,墙,牆,墙,qiang2,qiáng,"wall/CL:面[mian4],堵[du3]","wall/CL:面[miàn],堵[dǔ]"
物,物,物,物,wu4,wù,thing/object/matter/abbr. for physics 物理,thing/object/matter/abbr. for physics 物理
猶,犹,猶,犹,you2,yóu,as if/(just) like/just as/still/yet,as if/(just) like/just as/still/yet
獨,独,獨,独,du2,dú,alone/independent/single/sole/only,alone/independent/single/sole/only
玅,妙,玅,妙,miao4,miào,variant of 妙[miao4],variant of 妙[miào]
王,王,王,王,Wang2,Wáng,surname Wang,surname Wang
王,王,王,王,wang2,wáng,king or monarch/best or strongest of its type/grand/great,king or monarch/best or strongest of its type/grand/great
王,王,王,王,wang4,wàng,to rule/to reign over,to rule/to reign over
珠,珠,珠,珠,zhu1,zhū,"bead/pearl/CL:粒[li4],顆|颗[ke1]","bead/pearl/CL:粒[lì],顆|颗[kē]"
班,班,班,班,Ban1,Bān,surname Ban,surname Ban
班,班,班,班,ban1,bān,team/class/squad/work shift/ranking/CL:個|个[ge4]/classifier for groups,team/class/squad/work shift/ranking/CL:個|个[gè]/classifier for groups
理,理,理,理,li3,lǐ,texture/grain (of wood)/inner essence/intrinsic order/reason/logic/truth/science/natural science (esp. physics)/to manage/to pay attention to/to run (affairs)/to handle/to put in order/to tidy up,texture/grain (of wood)/inner essence/intrinsic order/reason/logic/truth/science/natural science (esp. physics)/to manage/to pay attention to/to run (affairs)/to handle/to put in order/to tidy up
琴,琴,琴,琴,qin2,qín,"guqin or zither, cf 古琴[gu3 qin2]/musical instrument in general","guqin or zither, cf 古琴[gǔ qín]/musical instrument in general"
琹,琴,琹,琴,qin2,qín,"variant of 琴[qin2], guqin or zither","variant of 琴[qín], guqin or zither"
璇,璇,璇,璇,xuan2,xuán,(jade),(jade)
璣,玑,璣,玑,ji1,jī,irregular pearl,irregular pearl
璿,璇,璿,璇,xuan2,xuán,variant of 璇[xuan2],variant of 璇[xuán]
生,生,生,生,sheng1,shēng,to be born/to give birth/life/to grow/raw/uncooked/student,to be born/to give birth/life/to grow/raw/uncooked/student
甦,苏,甦,苏,su1,sū,variant of 蘇|苏[su1]/to revive,variant of 蘇|苏[sū]/to revive
用,用,用,用,yong4,yòng,to use/to employ/to have to/to eat or drink/expense or outlay/usefulness/hence/therefore,to use/to employ/to have to/to eat or drink/expense or outlay/usefulness/hence/therefore
甯,宁,甯,宁,ning2,níng,variant of 寧|宁[ning2],variant of 寧|宁[níng]
異,异,異,异,yi4,yì,different/other/hetero-/unusual/strange/surprising/to distinguish/to separate/to discriminate,different/other/hetero-/unusual/strange/surprising/to distinguish/to separate/to discriminate
當,当,當,当,dang1,dāng,to be/to act as/manage/withstand/when/during/ought/should/match equally/equal/same/obstruct/just at (a time or place)/on the spot/right/just at,to be/to act as/manage/withstand/when/during/ought/should/match equally/equal/same/obstruct/just at (a time or place)/on the spot/right/just at
當,当,當,当,dang4,dàng,at or in the very same.../suitable/adequate/fitting/proper/to replace/to regard as/to think/to pawn/(coll.) to fail (a student),at or in the very same.../suitable/adequate/fitting/proper/to replace/to regard as/to think/to pawn/(coll.) to fail (a student)
疋,匹,疋,匹,pi3,pǐ,variant of 匹[pi3]/classifier for cloth: bolt,variant of 匹[pǐ]/classifier for cloth: bolt
疑,疑,疑,疑,yi2,yí,to doubt/to suspect,to doubt/to suspect
癈,废,癈,废,fei4,fèi,variant of 廢|废[fei4]/disabled,variant of 廢|废[fèi]/disabled
發,发,發,发,fa1,fā,to send out/to show (one's feeling)/to issue/to develop/to make a bundle of money/classifier for gunshots (rounds),to send out/to show (one's feeling)/to issue/to develop/to make a bundle of money/classifier for gunshots (rounds)
白,白,白,白,Bai2,Bái,surname Bai,surname Bai
白,白,白,白,bai2,bái,white/snowy/pure/bright/empty/blank/plain/clear/to make clear/in vain/gratuitous/free of charge/reactionary/anti-communist/funeral/to stare coldly/to write wrong character/to state/to explain/vernacular/spoken lines in opera,white/snowy/pure/bright/empty/blank/plain/clear/to make clear/in vain/gratuitous/free of charge/reactionary/anti-communist/funeral/to stare coldly/to write wrong character/to state/to explain/vernacular/spoken lines in opera
皇,皇,皇,皇,Huang2,Huáng,surname Huang,surname Huang
皇,皇,皇,皇,huang2,huáng,emperor/old variant of 惶[huang2],emperor/old variant of 惶[huáng]
盈,盈,盈,盈,ying2,yíng,full/filled/surplus,full/filled/surplus
盛,盛,盛,盛,Sheng4,Shèng,surname Sheng,surname Sheng
盛,盛,盛,盛,cheng2,chéng,to hold/to contain/to ladle/to pick up with a utensil,to hold/to contain/to ladle/to pick up with a utensil
盛,盛,盛,盛,sheng4,shèng,flourishing/vigorous/magnificent/extensively,flourishing/vigorous/magnificent/extensively
相,相,相,相,Xiang1,Xiāng,surname Xiang,surname Xiang
相,相,相,相,xiang1,xiāng,each other/one another/mutually,each other/one another/mutually
相,相,相,相,xiang4,xiàng,"appearance/portrait/picture/government minister/(physics) phase/(literary) to appraise (esp. by scrutinizing physical features)/to read sb's fortune (by physiognomy, palmistry etc)","appearance/portrait/picture/government minister/(physics) phase/(literary) to appraise (esp. by scrutinizing physical features)/to read sb's fortune (by physiognomy, palmistry etc)"
眷,眷,眷,眷,juan4,juàn,concern/wife and children,concern/wife and children
睠,眷,睠,眷,juan4,juàn,variant of 眷[juan4]/to care about/to look fondly on,variant of 眷[juàn]/to care about/to look fondly on
瞖,翳,瞖,翳,yi4,yì,variant of 翳[yi4],variant of 翳[yì]
矇,蒙,矇,蒙,meng1,mēng,to deceive/to cheat/to hoodwink/to make a wild guess,to deceive/to cheat/to hoodwink/to make a wild guess
矇,蒙,矇,蒙,meng2,méng,blind/dim-sighted,blind/dim-sighted
知,知,知,知,zhi1,zhī,to know/to be aware,to know/to be aware
碩,硕,碩,硕,shuo4,shuò,large/big,large/big
祇,只,祇,只,zhi3,zhǐ,variant of 只[zhi3],variant of 只[zhǐ]
神,神,神,神,Shen2,Shén,God/abbr. for 神舟[Shen2 zhou1],God/abbr. for 神舟[Shén zhōu]
神,神,神,神,shen2,shén,deity/soul/spirit/unusual/mysterious/lively/expressive/expression/look/CL:個|个[ge4]/(slang) awesome/amazing,deity/soul/spirit/unusual/mysterious/lively/expressive/expression/look/CL:個|个[gè]/(slang) awesome/amazing
禍,祸,禍,祸,huo4,huò,disaster/misfortune/calamity,disaster/misfortune/calamity
离,离,离,离,chi1,chī,mythical beast (archaic),mythical beast (archaic)
禽,禽,禽,禽,qin2,qín,generic term for birds and animals/birds/to capture (old),generic term for birds and animals/birds/to capture (old)
秊,年,秊,年,nian2,nián,grain/harvest (old)/variant of 年[nian2],grain/harvest (old)/variant of 年[nián]
秖,只,秖,只,zhi3,zhǐ,grain that has begun to ripen/variant of 衹|只[zhi3],grain that has begun to ripen/variant of 衹|只[zhǐ]
秦,秦,秦,秦,Qin2,Qín,surname Qin/Qin dynasty (221-207 BC) of the first emperor 秦始皇[Qin2 Shi3 huang2]/abbr. for 陝西|陕西[Shan3 xi1],surname Qin/Qin dynasty (221-207 BC) of the first emperor 秦始皇[Qín Shǐ huáng]/abbr. for 陝西|陕西[Shǎn xī]
移,移,移,移,yi2,yí,to move/to shift/to change/to alter/to remove,to move/to shift/to change/to alter/to remove
積,积,積,积,ji1,jī,to amass/to accumulate/to store/measured quantity (such as area of volume)/product (the result of multiplication)/to integrate (math.)/to solve (or integrate) an ordinary differential equation (math.)/old/long-standing,to amass/to accumulate/to store/measured quantity (such as area of volume)/product (the result of multiplication)/to integrate (math.)/to solve (or integrate) an ordinary differential equation (math.)/old/long-standing
穨,颓,穨,颓,tui2,tuí,variant of 頹|颓[tui2],variant of 頹|颓[tuí]
穹,穹,穹,穹,qiong2,qióng,vault/dome/the sky,vault/dome/the sky
空,空,空,空,kong1,kōng,empty/air/sky/in vain,empty/air/sky/in vain
空,空,空,空,kong4,kòng,to empty/vacant/unoccupied/space/leisure/free time,to empty/vacant/unoccupied/space/leisure/free time
窈,窈,窈,窈,yao3,yǎo,deep/quiet and elegant/variant of 杳[yao3],deep/quiet and elegant/variant of 杳[yǎo]
窕,窕,窕,窕,tiao3,tiǎo,"quiet and secluded/gentle, graceful, and elegant","quiet and secluded/gentle, graceful, and elegant"
章,章,章,章,Zhang1,Zhāng,surname Zhang,surname Zhang
章,章,章,章,zhang1,zhāng,chapter/section/clause/movement (of symphony)/seal/badge/regulation/order,chapter/section/clause/movement (of symphony)/seal/badge/regulation/order
端,端,端,端,duan1,duān,end/extremity/item/port/to hold sth level with both hands/to carry/regular,end/extremity/item/port/to hold sth level with both hands/to carry/regular
節,节,節,节,jie1,jiē,see 節骨眼|节骨眼[jie1 gu5 yan3],see 節骨眼|节骨眼[jiē gu yǎn]
節,节,節,节,jie2,jié,"festival/holiday/node/joint/section/segment/part/to economize/to save/to abridge/moral integrity/classifier for segments, e.g. lessons, train wagons, biblical verses/CL:個|个[ge4]","festival/holiday/node/joint/section/segment/part/to economize/to save/to abridge/moral integrity/classifier for segments, e.g. lessons, train wagons, biblical verses/CL:個|个[gè]"
篤,笃,篤,笃,du3,dǔ,serious (illness)/sincere/true,serious (illness)/sincere/true
精,精,精,精,jing1,jīng,essence/extract/vitality/energy/semen/sperm/mythical goblin spirit/highly perfected/elite/the pick of sth/proficient (refined ability)/extremely (fine)/selected rice (archaic),essence/extract/vitality/energy/semen/sperm/mythical goblin spirit/highly perfected/elite/the pick of sth/proficient (refined ability)/extremely (fine)/selected rice (archaic)
純,纯,純,纯,chun2,chún,pure/simple/unmixed/genuine,pure/simple/unmixed/genuine
紛,纷,紛,纷,fen1,fēn,numerous/confused/disorderly,numerous/confused/disorderly
終,终,終,终,zhong1,zhōng,end/finish,end/finish
綉,绣,綉,绣,xiu4,xiù,variant of 繡|绣[xiu4],variant of 繡|绣[xiù]
經,经,經,经,Jing1,Jīng,surname Jing,surname Jing
經,经,經,经,jing1,jīng,classics/sacred book/scripture/to pass through/to undergo/to bear/to endure/warp (textile)/longitude/menstruation/channel (TCM)/abbr. for economics 經濟|经济[jing1 ji4],classics/sacred book/scripture/to pass through/to undergo/to bear/to endure/warp (textile)/longitude/menstruation/channel (TCM)/abbr. for economics 經濟|经济[jīng jì]
網,网,網,网,wang3,wǎng,net/network,net/network
緐,繁,緐,繁,fan2,fán,old variant of 繁[fan2],old variant of 繁[fán]
繁,繁,繁,繁,fan2,fán,"complicated/many/in great numbers/abbr. for 繁體|繁体[fan2 ti3], traditional form of Chinese characters","complicated/many/in great numbers/abbr. for 繁體|繁体[fán tǐ], traditional form of Chinese characters"
繡,绣,繡,绣,xiu4,xiù,to embroider/embroidery,to embroider/embroidery
纏,缠,纏,缠,chan2,chán,to wind around/to wrap round/to coil/tangle/to involve/to bother/to annoy,to wind around/to wrap round/to coil/tangle/to involve/to bother/to annoy
罪,罪,罪,罪,zui4,zuì,guilt/crime/fault/blame/sin,guilt/crime/fault/blame/sin
羅,罗,羅,罗,Luo2,Luó,surname Luo,surname Luo
羅,罗,羅,罗,luo2,luó,gauze/to collect/to gather/to catch/to sift,gauze/to collect/to gather/to catch/to sift
羣,群,羣,群,qun2,qún,variant of 群[qun2],variant of 群[qún]
群,群,群,群,qun2,qún,"group/crowd/flock, herd, pack etc","group/crowd/flock, herd, pack etc"
義,义,義,义,Yi4,Yì,"surname Yi/(Tw) abbr. for 義大利|义大利[Yi4 da4 li4], Italy","surname Yi/(Tw) abbr. for 義大利|义大利[Yì dà lì], Italy"
義,义,義,义,yi4,yì,"justice/righteousness/meaning/foster (father etc)/adopted/artificial (tooth, limb etc)/relationship/friendship","justice/righteousness/meaning/foster (father etc)/adopted/artificial (tooth, limb etc)/relationship/friendship"
羽,羽,羽,羽,yu3,yǔ,feather/5th note in pentatonic scale,feather/5th note in pentatonic scale
翔,翔,翔,翔,xiang2,xiáng,to soar/to glide/variant of 詳|详[xiang2],to soar/to glide/variant of 詳|详[xiáng]
翠,翠,翠,翠,cui4,cuì,bluish-green/green jade,bluish-green/green jade
翳,翳,翳,翳,yi4,yì,feather screen/to screen/to shade/cataract,feather screen/to screen/to shade/cataract
者,者,者,者,zhe3,zhě,"(after a verb or adjective) one who (is) .../(after a noun) person involved in .../-er/-ist/(used after a number or 後|后[hou4] or 前[qian2] to refer to sth mentioned previously)/(used after a term, to mark a pause before defining the term)/(old) (used at the end of a command)/(old) this","(after a verb or adjective) one who (is) .../(after a noun) person involved in .../-er/-ist/(used after a number or 後|后[hòu] or 前[qián] to refer to sth mentioned previously)/(used after a term, to mark a pause before defining the term)/(old) (used at the end of a command)/(old) this"
耑,专,耑,专,zhuan1,zhuān,variant of 專|专[zhuan1],variant of 專|专[zhuān]
耑,端,耑,端,duan1,duān,old variant of 端[duan1]/start/origin,old variant of 端[duān]/start/origin
聖,圣,聖,圣,sheng4,shèng,holy/sacred/saint/sage,holy/sacred/saint/sage
聞,闻,聞,闻,Wen2,Wén,surname Wen,surname Wen
聞,闻,聞,闻,wen2,wén,to hear/news/well-known/famous/reputation/fame/to smell/to sniff at,to hear/news/well-known/famous/reputation/fame/to smell/to sniff at
聲,声,聲,声,sheng1,shēng,sound/voice/tone/noise/classifier for sounds,sound/voice/tone/noise/classifier for sounds
育,育,育,育,yu4,yù,to have children/to raise or bring up/to educate,to have children/to raise or bring up/to educate
能,能,能,能,Neng2,Néng,surname Neng,surname Neng
能,能,能,能,neng2,néng,can/to be able to/might possibly/ability/(physics) energy,can/to be able to/might possibly/ability/(physics) energy
臣,臣,臣,臣,Chen2,Chén,surname Chen,surname Chen
臣,臣,臣,臣,chen2,chén,"state official or subject in dynastic China/I, your servant (used in addressing the sovereign)/Kangxi radical 131","state official or subject in dynastic China/I, your servant (used in addressing the sovereign)/Kangxi radical 131"
自,自,自,自,zi4,zì,self/oneself/from/since/naturally/surely,self/oneself/from/since/naturally/surely
至,至,至,至,zhi4,zhì,to arrive/most/to/until,to arrive/most/to/until
興,兴,興,兴,Xing1,Xīng,surname Xing,surname Xing
興,兴,興,兴,xing1,xīng,to rise/to flourish/to become popular/to start/to encourage/to get up/(often used in the negative) to permit or allow (dialect)/maybe (dialect),to rise/to flourish/to become popular/to start/to encourage/to get up/(often used in the negative) to permit or allow (dialect)/maybe (dialect)
興,兴,興,兴,xing4,xìng,feeling or desire to do sth/interest in sth/excitement,feeling or desire to do sth/interest in sth/excitement
舊,旧,舊,旧,jiu4,jiù,old/opposite: new 新/former/worn (with age),old/opposite: new 新/former/worn (with age)
艱,艰,艱,艰,jian1,jiān,difficult/hard/hardship,difficult/hard/hardship
芳,芳,芳,芳,fang1,fāng,fragrant,fragrant
苟,苟,苟,苟,Gou3,Gǒu,surname Gou,surname Gou
苟,苟,苟,苟,gou3,gǒu,if/supposing/careless/negligent/temporarily,if/supposing/careless/negligent/temporarily
若,若,若,若,ruo4,ruò,to seem/like/as/if,to seem/like/as/if
苦,苦,苦,苦,ku3,kǔ,bitter/hardship/pain/to suffer/to bring suffering to/painstakingly,bitter/hardship/pain/to suffer/to bring suffering to/painstakingly
英,英,英,英,Ying1,Yīng,United Kingdom/British/England/English/abbr. for 英國|英国[Ying1 guo2],United Kingdom/British/England/English/abbr. for 英國|英国[Yīng guó]
英,英,英,英,ying1,yīng,hero/outstanding/excellent/(literary) flower/blossom,hero/outstanding/excellent/(literary) flower/blossom
茂,茂,茂,茂,mao4,mào,luxuriant/(chemistry) cyclopentadiene,luxuriant/(chemistry) cyclopentadiene
荒,荒,荒,荒,huang1,huāng,desolate/shortage/scarce/out of practice/absurd/uncultivated/to neglect,desolate/shortage/scarce/out of practice/absurd/uncultivated/to neglect
華,华,華,华,Hua2,Huá,abbr. for China,abbr. for China
華,华,華,华,Hua4,Huà,Mt Hua 華山|华山 in Shaanxi/surname Hua,Mt Hua 華山|华山 in Shaanxi/surname Hua
華,华,華,华,hua1,huā,old variant of 花[hua1]/flower,old variant of 花[huā]/flower
華,华,華,华,hua2,huá,magnificent/splendid/flowery,magnificent/splendid/flowery
菲,菲,菲,菲,Fei1,Fēi,abbr. for the Philippines 菲律賓|菲律宾[Fei1 lu:4 bin1],abbr. for the Philippines 菲律賓|菲律宾[Fēi lu:4 bīn]
菲,菲,菲,菲,fei1,fēi,luxuriant (plant growth)/rich with fragrance/phenanthrene C14H10,luxuriant (plant growth)/rich with fragrance/phenanthrene C14H10
菲,菲,菲,菲,fei3,fěi,poor/humble/unworthy/radish (old),poor/humble/unworthy/radish (old)
萌,萌,萌,萌,meng2,méng,"to sprout/to bud/to have a strong affection for (slang)/adorable (loanword from Japanese 萌え moe, slang describing affection for a cute character)","to sprout/to bud/to have a strong affection for (slang)/adorable (loanword from Japanese 萌え moe, slang describing affection for a cute character)"
葑,葑,葑,葑,feng1,fēng,turnip,turnip
葩,葩,葩,葩,pa1,pā,corolla of flower,corolla of flower
葳,葳,葳,葳,wei1,wēi,luxuriant,luxuriant
蒙,蒙,蒙,蒙,Meng2,Méng,surname Meng,surname Meng
蒙,蒙,蒙,蒙,Meng3,Měng,Mongol ethnic group/abbr. for Mongolia 蒙古國|蒙古国[Meng3 gu3 guo2]/Taiwan pr. [Meng2],Mongol ethnic group/abbr. for Mongolia 蒙古國|蒙古国[Měng gǔ guó]/Taiwan pr. [Méng]
蒙,蒙,蒙,蒙,meng1,mēng,(knocked) unconscious/dazed/stunned,(knocked) unconscious/dazed/stunned
蒙,蒙,蒙,蒙,meng2,méng,to cover/ignorant/to suffer (misfortune)/to receive (a favor)/to cheat,to cover/ignorant/to suffer (misfortune)/to receive (a favor)/to cheat
蒼,苍,蒼,苍,Cang1,Cāng,surname Cang,surname Cang
蒼,苍,蒼,苍,cang1,cāng,dark blue/deep green/ash-gray,dark blue/deep green/ash-gray
蕤,蕤,蕤,蕤,rui2,ruí,fringe/overladen with flowers,fringe/overladen with flowers
薄,薄,薄,薄,Bo2,Bó,surname Bo,surname Bo
薄,薄,薄,薄,bao2,báo,thin/cold in manner/indifferent/weak/light/infertile,thin/cold in manner/indifferent/weak/light/infertile
薄,薄,薄,薄,bo2,bó,meager/slight/weak/ungenerous or unkind/frivolous/to despise/to belittle/to look down on/to approach or near,meager/slight/weak/ungenerous or unkind/frivolous/to despise/to belittle/to look down on/to approach or near
薄,薄,薄,薄,bo4,bò,see 薄荷[bo4 he5],see 薄荷[bò he]
藏,藏,藏,藏,Zang4,Zàng,Tibet/Xizang 西藏,Tibet/Xizang 西藏
藏,藏,藏,藏,cang2,cáng,to conceal/to hide away/to harbor/to store/to collect,to conceal/to hide away/to harbor/to store/to collect
藏,藏,藏,藏,zang4,zàng,storehouse/depository/Buddhist or Taoist scripture,storehouse/depository/Buddhist or Taoist scripture
藻,藻,藻,藻,zao3,zǎo,aquatic grasses/elegant,aquatic grasses/elegant
蘇,苏,蘇,苏,Su1,Sū,surname Su/abbr. for Soviet Union 蘇維埃|苏维埃 or 蘇聯|苏联/abbr. for Jiangsu province 江蘇|江苏/abbr. for Suzhou city 蘇州|苏州,surname Su/abbr. for Soviet Union 蘇維埃|苏维埃 or 蘇聯|苏联/abbr. for Jiangsu province 江蘇|江苏/abbr. for Suzhou city 蘇州|苏州
蘇,苏,蘇,苏,su1,sū,Perilla frutescens (Chinese basil or wild red basil)/place name/to revive/used as phonetic in transliteration,Perilla frutescens (Chinese basil or wild red basil)/place name/to revive/used as phonetic in transliteration
蘓,苏,蘓,苏,su1,sū,old variant of 蘇|苏[su1],old variant of 蘇|苏[sū]
蘭,兰,蘭,兰,Lan2,Lán,"surname Lan/abbr. for Lanzhou 蘭州|兰州[Lan2 zhou1], Gansu","surname Lan/abbr. for Lanzhou 蘭州|兰州[Lán zhōu], Gansu"
蘭,兰,蘭,兰,lan2,lán,orchid (蘭花|兰花 Cymbidium goeringii)/fragrant thoroughwort (蘭草|兰草 Eupatorium fortunei)/lily magnolia (木蘭|木兰),orchid (蘭花|兰花 Cymbidium goeringii)/fragrant thoroughwort (蘭草|兰草 Eupatorium fortunei)/lily magnolia (木蘭|木兰)
虎,虎,虎,虎,hu3,hǔ,tiger/CL:隻|只[zhi1],tiger/CL:隻|只[zhī]
處,处,處,处,chu3,chǔ,to reside/to live/to dwell/to be in/to be situated at/to stay/to get along with/to be in a position of/to deal with/to discipline/to punish,to reside/to live/to dwell/to be in/to be situated at/to stay/to get along with/to be in a position of/to deal with/to discipline/to punish
處,处,處,处,chu4,chù,"place/location/spot/point/office/department/bureau/respect/classifier for locations or items of damage: spot, point","place/location/spot/point/office/department/bureau/respect/classifier for locations or items of damage: spot, point"
虞,虞,虞,虞,Yu2,Yú,surname Yu,surname Yu
虞,虞,虞,虞,yu2,yú,to expect/to anticipate/to worry/to cheat,to expect/to anticipate/to worry/to cheat
虧,亏,虧,亏,kui1,kuī,deficiency/deficit/luckily/it's lucky that.../(often ironically) fancy that...,deficiency/deficit/luckily/it's lucky that.../(often ironically) fancy that...
行,行,行,行,hang2,háng,"row/line/commercial firm/line of business/profession/to rank (first, second etc) among one's siblings (by age)/(in data tables) row/(Tw) column","row/line/commercial firm/line of business/profession/to rank (first, second etc) among one's siblings (by age)/(in data tables) row/(Tw) column"
行,行,行,行,xing2,xíng,to walk/to go/to travel/a visit/temporary/makeshift/current/in circulation/to do/to perform/capable/competent/effective/all right/OK!/will do/behavior/conduct/Taiwan pr. [xing4] for the behavior-conduct sense,to walk/to go/to travel/a visit/temporary/makeshift/current/in circulation/to do/to perform/capable/competent/effective/all right/OK!/will do/behavior/conduct/Taiwan pr. [xìng] for the behavior-conduct sense
衕,同,衕,同,tong4,tòng,see 衚衕|胡同[hu2 tong4],see 衚衕|胡同[hú tòng]
衛,卫,衛,卫,Wei4,Wèi,"surname Wei/vassal state during the Zhou Dynasty (1066-221 BC), located in present day Henan and Hebei Provinces","surname Wei/vassal state during the Zhou Dynasty (1066-221 BC), located in present day Henan and Hebei Provinces"
衛,卫,衛,卫,wei4,wèi,"to guard/to protect/to defend/abbr. for 衛生|卫生, hygiene/health/abbr. for 衛生間|卫生间, toilet","to guard/to protect/to defend/abbr. for 衛生|卫生, hygiene/health/abbr. for 衛生間|卫生间, toilet"
衣,衣,衣,衣,yi1,yī,clothes/CL:件[jian4],clothes/CL:件[jiàn]
衣,衣,衣,衣,yi4,yì,to dress/to wear/to put on (clothes),to dress/to wear/to put on (clothes)
衰,衰,衰,衰,cui1,cuī,mourning garments,mourning garments
衰,衰,衰,衰,shuai1,shuāi,to decline/to wane/to become weak or feeble,to decline/to wane/to become weak or feeble
衹,只,衹,只,zhi3,zhǐ,variant of 只[zhi3],variant of 只[zhǐ]
衾,衾,衾,衾,qin1,qīn,coverlet/quilt,coverlet/quilt
袞,衮,袞,衮,gun3,gǔn,imperial robe,imperial robe
西,西,西,西,Xi1,Xī,the West/abbr. for Spain 西班牙[Xi1 ban1 ya2]/Spanish,the West/abbr. for Spain 西班牙[Xī bān yá]/Spanish
西,西,西,西,xi1,xī,west,west
親,亲,親,亲,qin1,qīn,parent/one's own (flesh and blood)/relative/related/marriage/bride/close/intimate/in person/first-hand/in favor of/pro-/to kiss/(Internet slang) dear,parent/one's own (flesh and blood)/relative/related/marriage/bride/close/intimate/in person/first-hand/in favor of/pro-/to kiss/(Internet slang) dear
親,亲,親,亲,qing4,qìng,parents-in-law of one's offspring,parents-in-law of one's offspring
觀,观,觀,观,Guan4,Guàn,surname Guan,surname Guan
觀,观,觀,观,guan1,guān,to look at/to watch/to observe/to behold/to advise/concept/point of view/outlook,to look at/to watch/to observe/to behold/to advise/concept/point of view/outlook
觀,观,觀,观,guan4,guàn,Taoist monastery/palace gate watchtower/platform,Taoist monastery/palace gate watchtower/platform
記,记,記,记,ji4,jì,"to record/to note/to memorize/to remember/mark/sign/classifier for blows, kicks, shots","to record/to note/to memorize/to remember/mark/sign/classifier for blows, kicks, shots"
詠,咏,詠,咏,yong3,yǒng,to sing,to sing
詧,察,詧,察,cha2,chá,variant of 察[cha2],variant of 察[chá]
詩,诗,詩,诗,Shi1,Shī,"abbr. for Shijing 詩經|诗经[Shi1 jing1], the Book of Songs","abbr. for Shijing 詩經|诗经[Shī jīng], the Book of Songs"
詩,诗,詩,诗,shi1,shī,poem/CL:首[shou3]/poetry/verse,poem/CL:首[shǒu]/poetry/verse
誌,志,誌,志,zhi4,zhì,sign/mark/to record/to write a footnote,sign/mark/to record/to write a footnote
誓,誓,誓,誓,shi4,shì,oath/vow/to swear/to pledge,oath/vow/to swear/to pledge
誠,诚,誠,诚,cheng2,chéng,sincere/authentic/really/truly,sincere/authentic/really/truly
誰,谁,誰,谁,shei2,shéi,who/also pr. [shui2],who/also pr. [shuí]
諐,愆,諐,愆,qian1,qiān,old variant of 愆[qian1],old variant of 愆[qiān]
謌,歌,謌,歌,ge1,gē,variant of 歌[ge1],variant of 歌[gē]
謙,谦,謙,谦,qian1,qiān,modest,modest
識,识,識,识,shi2,shí,to know/knowledge/Taiwan pr. [shi4],to know/knowledge/Taiwan pr. [shì]
識,识,識,识,zhi4,zhì,to record/to write a footnote,to record/to write a footnote
讒,谗,讒,谗,chan2,chán,to slander/to defame/to misrepresent/to speak maliciously,to slander/to defame/to misrepresent/to speak maliciously
讙,欢,讙,欢,huan1,huān,hubbub/clamor/variant of 歡|欢[huan1],hubbub/clamor/variant of 歡|欢[huān]
貞,贞,貞,贞,zhen1,zhēn,chaste,chaste
貲,赀,貲,赀,zi1,zī,to estimate/to fine (archaic)/variant of 資|资[zi1],to estimate/to fine (archaic)/variant of 資|资[zī]
貴,贵,貴,贵,gui4,guì,expensive/noble/precious/(honorific) your,expensive/noble/precious/(honorific) your
賢,贤,賢,贤,xian2,xián,worthy or virtuous person/honorific used for a person of the same or a younger generation,worthy or virtuous person/honorific used for a person of the same or a younger generation
賤,贱,賤,贱,jian4,jiàn,inexpensive/lowly,inexpensive/lowly
趙,赵,趙,赵,Zhao4,Zhào,"surname Zhao/one of the seven states during the Warring States Period (476-220 BC)/the Former Zhao 前趙 (304-329) and Later Zhao 後趙 (319-350), states of the Sixteen Kingdoms","surname Zhao/one of the seven states during the Warring States Period (476-220 BC)/the Former Zhao 前趙 (304-329) and Later Zhao 後趙 (319-350), states of the Sixteen Kingdoms"
趙,赵,趙,赵,zhao4,zhào,to surpass (old),to surpass (old)
路,路,路,路,Lu4,Lù,surname Lu,surname Lu
路,路,路,路,lu4,lù,road/CL:條|条[tiao2]/journey/route/line (bus etc)/sort/kind,road/CL:條|条[tiáo]/journey/route/line (bus etc)/sort/kind
身,身,身,身,shen1,shēn,"body/life/oneself/personally/one's morality and conduct/the main part of a structure or body/pregnant/classifier for sets of clothes: suit, twinset/Kangxi radical 158","body/life/oneself/personally/one's morality and conduct/the main part of a structure or body/pregnant/classifier for sets of clothes: suit, twinset/Kangxi radical 158"
輕,轻,輕,轻,qing1,qīng,light/easy/gentle/soft/reckless/unimportant/frivolous/small in number/unstressed/neutral/to disparage,light/easy/gentle/soft/reckless/unimportant/frivolous/small in number/unstressed/neutral/to disparage
輝,辉,輝,辉,hui1,huī,splendor/to shine upon,splendor/to shine upon
輦,辇,輦,辇,nian3,niǎn,handcart/emperor's carriage/to transport by carriage,handcart/emperor's carriage/to transport by carriage
辛,辛,辛,辛,Xin1,Xīn,surname Xin,surname Xin
辛,辛,辛,辛,xin1,xīn,"(of taste) hot or pungent/hard/laborious/suffering/eighth in order/eighth of the ten Heavenly Stems 十天干[shi2 tian1 gan1]/letter ""H"" or roman ""VIII"" in list ""A, B, C"", or ""I, II, III"" etc/ancient Chinese compass point: 285°/octa","(of taste) hot or pungent/hard/laborious/suffering/eighth in order/eighth of the ten Heavenly Stems 十天干[shí tiān gān]/letter ""H"" or roman ""VIII"" in list ""A, B, C"", or ""I, II, III"" etc/ancient Chinese compass point: 285°/octa"
辜,辜,辜,辜,Gu1,Gū,surname Gu,surname Gu
辜,辜,辜,辜,gu1,gū,crime/sin,crime/sin
辠,罪,辠,罪,zui4,zuì,"variant of 罪[zui4], crime","variant of 罪[zuì], crime"
辤,辞,辤,辞,ci2,cí,old variant of 辭|辞[ci2],old variant of 辭|辞[cí]
辭,辞,辭,辞,ci2,cí,to resign/to dismiss/to decline/to take leave/ballad (archaic poetic genre)/variant of 詞|词[ci2],to resign/to dismiss/to decline/to take leave/ballad (archaic poetic genre)/variant of 詞|词[cí]
迤,迤,迤,迤,yi2,yí,winding,winding
迤,迤,迤,迤,yi3,yǐ,extending to,extending to
追,追,追,追,dui1,duī,to sculpt/to carve/musical instrument (old),to sculpt/to carve/musical instrument (old)
追,追,追,追,zhui1,zhuī,to chase after/to seek/to do one's utmost to seek or procure sth/to recall,to chase after/to seek/to do one's utmost to seek or procure sth/to recall
退,退,退,退,tui4,tuì,to retreat/to decline/to move back/to withdraw,to retreat/to decline/to move back/to withdraw
通,通,通,通,tong1,tōng,"to go through/to know well/(suffix) expert/to connect/to communicate/open/to clear/classifier for letters, telegrams, phone calls etc","to go through/to know well/(suffix) expert/to connect/to communicate/open/to clear/classifier for letters, telegrams, phone calls etc"
通,通,通,通,tong4,tòng,"classifier for an activity, taken in its entirety (tirade of abuse, stint of music playing, bout of drinking etc)","classifier for an activity, taken in its entirety (tirade of abuse, stint of music playing, bout of drinking etc)"
逝,逝,逝,逝,shi4,shì,(of time) to pass/to die,(of time) to pass/to die
週,周,週,周,zhou1,zhōu,week/weekly/variant of 周[zhou1],week/weekly/variant of 周[zhōu]
逶,逶,逶,逶,wei1,wēi,"winding, curving/swagger","winding, curving/swagger"
遊,游,遊,游,you2,yóu,to walk/to tour/to roam/to travel,to walk/to tour/to roam/to travel
遐,遐,遐,遐,xia2,xiá,distant/long-lasting/to abandon,distant/long-lasting/to abandon
達,达,達,达,Da2,Dá,surname Da,surname Da
達,达,達,达,da2,dá,to attain/to reach/to amount to/to communicate/eminent,to attain/to reach/to amount to/to communicate/eminent
遠,远,遠,远,yuan3,yuǎn,far/distant/remote/(intensifier in a comparison) by far/much (lower etc),far/distant/remote/(intensifier in a comparison) by far/much (lower etc)
遠,远,遠,远,yuan4,yuàn,to distance oneself from (classical),to distance oneself from (classical)
遺,遗,遺,遗,yi2,yí,to lose/to leave behind/to omit/to bequeath/sth lost/involuntary discharge (of urine etc),to lose/to leave behind/to omit/to bequeath/sth lost/involuntary discharge (of urine etc)
邵,邵,邵,邵,Shao4,Shào,surname Shao/place name,surname Shao/place name
鄉,乡,鄉,乡,xiang1,xiāng,country or countryside/native place/home village or town/township (PRC administrative unit),country or countryside/native place/home village or town/township (PRC administrative unit)
鄙,鄙,鄙,鄙,bi3,bǐ,rustic/low/base/mean/to despise/to scorn,rustic/low/base/mean/to despise/to scorn
鄭,郑,鄭,郑,Zheng4,Zhèng,Zheng state during the Warring States period/surname Zheng/abbr. for 鄭州|郑州[Zheng4 zhou1],Zheng state during the Warring States period/surname Zheng/abbr. for 鄭州|郑州[Zhèng zhōu]
配,配,配,配,pei4,pèi,to join/to fit/to mate/to mix/to match/to deserve/to make up (a prescription)/to allocate,to join/to fit/to mate/to mix/to match/to deserve/to make up (a prescription)/to allocate
采,采,采,采,cai3,cǎi,color/complexion/looks/variant of 彩[cai3]/variant of 採|采[cai3],color/complexion/looks/variant of 彩[cǎi]/variant of 採|采[cǎi]
采,采,采,采,cai4,cài,allotment to a feudal noble,allotment to a feudal noble
重,重,重,重,chong2,chóng,to repeat/repetition/again/re-/classifier: layer,to repeat/repetition/again/re-/classifier: layer
重,重,重,重,zhong4,zhòng,heavy/serious/to attach importance to,heavy/serious/to attach importance to
鏡,镜,鏡,镜,jing4,jìng,mirror/lens,mirror/lens
長,长,長,长,chang2,cháng,length/long/forever/always/constantly,length/long/forever/always/constantly
長,长,長,长,zhang3,zhǎng,chief/head/elder/to grow/to develop/to increase/to enhance,chief/head/elder/to grow/to develop/to increase/to enhance
闈,闱,闈,闱,wei2,wéi,door to women's room/gate to palace,door to women's room/gate to palace
防,防,防,防,fang2,fáng,to protect/to defend/to guard against/to prevent,to protect/to defend/to guard against/to prevent
陰,阴,陰,阴,Yin1,Yīn,surname Yin,surname Yin
陰,阴,陰,阴,yin1,yīn,overcast (weather)/cloudy/shady/Yin (the negative principle of Yin and Yang)/negative (electric.)/feminine/moon/implicit/hidden/genitalia,overcast (weather)/cloudy/shady/Yin (the negative principle of Yin and Yang)/negative (electric.)/feminine/moon/implicit/hidden/genitalia
陽,阳,陽,阳,yang2,yáng,"positive (electric.)/sun/male principle (Taoism)/Yang, opposite: 陰|阴[yin1] ☯","positive (electric.)/sun/male principle (Taoism)/Yang, opposite: 陰|阴[yīn] ☯"
隂,阴,隂,阴,yin1,yīn,variant of 陰|阴[yin1],variant of 陰|阴[yīn]
階,阶,階,阶,jie1,jiē,rank or step/stairs,rank or step/stairs
隔,隔,隔,隔,ge2,gé,to separate/to partition/to stand or lie between/at a distance from/after or at an interval of,to separate/to partition/to stand or lie between/at a distance from/after or at an interval of
隻,只,隻,只,zhi1,zhī,"classifier for birds and certain animals, one of a pair, some utensils, vessels etc","classifier for birds and certain animals, one of a pair, some utensils, vessels etc"
雁,雁,雁,雁,yan4,yàn,wild goose,wild goose
集,集,集,集,ji2,jí,to gather/to collect/collected works/classifier for sections of a TV series etc: episode,to gather/to collect/collected works/classifier for sections of a TV series etc: episode
雍,雍,雍,雍,Yong1,Yōng,surname Yong,surname Yong
雍,雍,雍,雍,yong1,yōng,harmony,harmony
雕,雕,雕,雕,diao1,diāo,to carve/to engrave/shrewd/bird of prey,to carve/to engrave/shrewd/bird of prey
雙,双,雙,双,Shuang1,Shuāng,surname Shuang,surname Shuang
雙,双,雙,双,shuang1,shuāng,two/double/pair/both/even (number),two/double/pair/both/even (number)
雝,雍,雝,雍,yong1,yōng,old variant of 雍[yong1],old variant of 雍[yōng]
離,离,離,离,Li2,Lí,surname Li,surname Li
離,离,離,离,li2,lí,"to leave/to part from/to be away from/(in giving distances) from/without (sth)/independent of/one of the Eight Trigrams 八卦[ba1 gua4], symbolizing fire/☲","to leave/to part from/to be away from/(in giving distances) from/without (sth)/independent of/one of the Eight Trigrams 八卦[bā guà], symbolizing fire/☲"
難,难,難,难,nan2,nán,difficult (to...)/problem/difficulty/difficult/not good,difficult (to...)/problem/difficulty/difficult/not good
難,难,難,难,nan4,nàn,disaster/distress/to scold,disaster/distress/to scold
雲,云,雲,云,Yun2,Yún,surname Yun/abbr. for Yunnan Province 雲南省|云南省[Yun2 nan2 Sheng3],surname Yun/abbr. for Yunnan Province 雲南省|云南省[Yún nán Shěng]
雲,云,雲,云,yun2,yún,cloud/CL:朵[duo3],cloud/CL:朵[duǒ]
電,电,電,电,dian4,diàn,electric/electricity/electrical,electric/electricity/electrical
霜,霜,霜,霜,shuang1,shuāng,frost/white powder or cream spread over a surface/frosting/(skin) cream,frost/white powder or cream spread over a surface/frosting/(skin) cream
青,青,青,青,Qing1,Qīng,"abbr. for 青海[Qing1 hai3], Qinghai Province","abbr. for 青海[Qīng hǎi], Qinghai Province"
青,青,青,青,qing1,qīng,nature's color/green or blue/greenish black/youth/young (of people),nature's color/green or blue/greenish black/youth/young (of people)
面,面,面,面,mian4,miàn,"face/side/surface/aspect/top/classifier for flat surfaces such as drums, mirrors, flags etc","face/side/surface/aspect/top/classifier for flat surfaces such as drums, mirrors, flags etc"
音,音,音,音,yin1,yīn,sound/noise/note (of musical scale)/tone/news/syllable/reading (phonetic value of a character),sound/noise/note (of musical scale)/tone/news/syllable/reading (phonetic value of a character)
頎,颀,頎,颀,qi2,qí,tall,tall
頑,顽,頑,顽,wan2,wán,mischievous/obstinate/to play/stupid/stubborn/naughty,mischievous/obstinate/to play/stupid/stubborn/naughty
頹,颓,頹,颓,tui2,tuí,to crumble/to collapse/to decline/to decay/decadent/dejected/dispirited/balding,to crumble/to collapse/to decline/to decay/decadent/dejected/dispirited/balding
頽,颓,頽,颓,tui2,tuí,variant of 頹|颓[tui2],variant of 頹|颓[tuí]
顇,悴,顇,悴,cui4,cuì,variant of 悴[cui4],variant of 悴[cuì]
顏,颜,顏,颜,Yan2,Yán,surname Yan,surname Yan
顏,颜,顏,颜,yan2,yán,color/face/countenance,color/face/countenance
顔,颜,顔,颜,yan2,yán,Japanese variant of 顏|颜[yan2],Japanese variant of 顏|颜[yán]
顯,显,顯,显,xian3,xiǎn,prominent/conspicuous/(prefix) phanero-,prominent/conspicuous/(prefix) phanero-
風,风,風,风,feng1,fēng,"wind/news/style/custom/manner/CL:陣|阵[zhen4],絲|丝[si1]","wind/news/style/custom/manner/CL:陣|阵[zhèn],絲|丝[sī]"
飃,飘,飃,飘,piao1,piāo,variant of 飄|飘[piao1],variant of 飄|飘[piāo]
飄,飘,飄,飘,piao1,piāo,to float,to float
飛,飞,飛,飞,fei1,fēi,to fly,to fly
飭,饬,飭,饬,chi4,chì,keep in order/stern/to order/direct,keep in order/stern/to order/direct
飾,饰,飾,饰,shi4,shì,decoration/ornament/to decorate/to adorn/to hide/to conceal (a fault)/excuse (to hide a fault)/to play a role (in opera)/to impersonate,decoration/ornament/to decorate/to adorn/to hide/to conceal (a fault)/excuse (to hide a fault)/to play a role (in opera)/to impersonate
馳,驰,馳,驰,chi2,chí,to run fast/to speed/to gallop/to disseminate/to spread,to run fast/to speed/to gallop/to disseminate/to spread
驕,骄,驕,骄,jiao1,jiāo,proud/arrogant,proud/arrogant
驩,欢,驩,欢,huan1,huān,a breed of horse/variant of 歡|欢[huan1],a breed of horse/variant of 歡|欢[huān]
體,体,體,体,ti3,tǐ,body/form/style/system/substance/to experience/aspect (linguistics),body/form/style/system/substance/to experience/aspect (linguistics)
髮,发,髮,发,fa4,fà,hair/Taiwan pr. [fa3],hair/Taiwan pr. [fǎ]
鬆,松,鬆,松,song1,sōng,loose/to loosen/to relax,loose/to loosen/to relax
鳩,鸠,鳩,鸠,jiu1,jiū,turtledove/(literary) to gather,turtledove/(literary) to gather
鳳,凤,鳳,凤,Feng4,Fèng,surname Feng,surname Feng
鳳,凤,鳳,凤,feng4,fèng,phoenix,phoenix
鳴,鸣,鳴,鸣,ming2,míng,"to cry (of birds, animals and insects)","to cry (of birds, animals and insects)"
鴈,雁,鴈,雁,yan4,yàn,variant of 雁[yan4],variant of 雁[yàn]
鵰,雕,鵰,雕,diao1,diāo,bird of prey,bird of prey
鷰,燕,鷰,燕,yan4,yàn,variant of 燕[yan4],variant of 燕[yàn]
鹿,鹿,鹿,鹿,lu4,lù,deer,deer
麐,麟,麐,麟,lin2,lín,variant of 麟[lin2],variant of 麟[lín]
麗,丽,麗,丽,Li2,Lí,Korea,Korea
麗,丽,麗,丽,li4,lì,beautiful,beautiful
麟,麟,麟,麟,lin2,lín,female unicorn/see 麒麟,female unicorn/see 麒麟
麪,面,麪,面,mian4,miàn,variant of 麵|面[mian4],variant of 麵|面[miàn]
麯,曲,麯,曲,qu1,qū,variant of 麴|曲[qu1],variant of 麴|曲[qū]
麴,曲,麴,曲,qu1,qū,yeast/Aspergillus (includes many common molds)/Taiwan pr. [qu2],yeast/Aspergillus (includes many common molds)/Taiwan pr. [qú]
麵,面,麵,面,mian4,miàn,flour/noodles/(of food) soft (not crunchy)/(slang) (of a person) ineffectual/spineless,flour/noodles/(of food) soft (not crunchy)/(slang) (of a person) ineffectual/spineless
齊,齐,齊,齐,Qi2,Qí,(name of states and dynasties at several different periods)/surname Qi,(name of states and dynasties at several different periods)/surname Qi
齊,齐,齊,齐,qi2,qí,neat/even/level with/identical/simultaneous/all together/to even sth out,neat/even/level with/identical/simultaneous/all together/to even sth out
龍,龙,龍,龙,Long2,Lóng,surname Long,surname Long
龍,龙,龍,龙,long2,lóng,dragon/CL:條|条[tiao2]/imperial,dragon/CL:條|条[tiáo]/imperial
龢,和,龢,和,he2,hé,old variant of 和[he2]/harmonious,old variant of 和[hé]/harmonious
